MDM Id;Name;Legal Entity Identifier;Main activity sector - Code;Parent - MDM Id;Blacklisted?;Active?;Number;Street;City;ZIP code;Country - Alpha-2 Code;Latitude;Longitude;Bank Account Holder;Bank Name;IBAN;BIC
1;Commonwealth Bank of Australia;MSFSBD3QN1GSN7Q6C537;Financial;;false;true;201;Sussex Street;Sydney;2000;AU;-33.8726689;151.2028679;COMMONWEALTH BANK OF AUSTRALIA;TRUST BANK LLC;AD3297709050141494979864;TRUPR33XXX
2;Credit Agricole Groupe;;Financial;;false;true;93;Boulevard Pasteur;Paris;75015;FR;48.8404061;2.317426399999931;;;;
3;SAS Rue La Boetie;;Diversified;2;false;true;48;Rue La Boétie;Paris;75008;FR;48.8735673;2.313409800000045;;;;
4;Credit Agricole SA;969500TJ5KRTCJQWXH05;Financial;3;false;true;50;Avenue Jean Jaurès;Montrouge;92120;FR;48.8168027;2.313206300000047;;;;
5;CACEIS SA;969500OLD4M3NDWVC189;Financial;4;false;true;3;Place Valhubert;Paris-13E-Arrondissement;75013;FR;48.8436153;2.3649282000000085;;;;
6;Credit Mutuel-CIC Group;;Financial;;false;true;90;Rue Cardinet;Paris;75017;FR;48.8844717;2.310209200000031;Credit Mutuel-CIC Group;ABERCROMBIE AND FITCH CO.;AD5126784913469237483277;ANFCUS33XXX
7;Caisse Federale de Credit Mutuel;969500LFTDNMONT2EP08;Financial;6;false;true;34;Rue du Wacken;Strasbourg;67000;FR;48.60071190000001;7.7572772999999415;Caisse Federale de Credit Mutuel;ABN AMRO CAPITAL USA LLC;AD7260699990174905441384;FTSBUS33XXX
8;Banque Federative du Credit Mutuel SA - update;VBHFXSYT7OG62HNT8T76;Financial;7;false;false;106;St.-Martin-Straße;München;81541;DE;48.1196017;11.602028;Banque Federative du Credit Mutuel SA;ABU DHABI INTERNATIONAL BANK INC.;AD6415912175796461250355;ADIBUS33XXX
9;BNP Paribas SA;R0MUWSFPU8MPRO8K5P83;Financial;;false;true;16;Boulevard des Italiens;Paris;75009;FR;48.871752;2.3376759999999877;BNP Paribas SA;ACI CAPITAL GROUP, LLC;AD4439240748138833251827;ACIXUS33XXX
10;Societe Generale SA;O2RNE8IBXP4R0TD8PU41;Financial;;false;true;29;Boulevard Haussmann;Paris;75009;FR;48.8729367;2.3323560000000043;Societe Generale SA;ACUPAY SYSTEM LLC;AD3297709050141494979864;ACPYUS33XXX
11;HSBC Holdings PLC;MLU0ZO3ML4LN2LL2TL39;Financial;;false;true;8;Canada Square;;E14 5HQ;GB;51.5054464;-0.0173806999999897;HSBC Holdings PLC;ADP CLEARING AND OUTSOURCING SERVICES INC.;AE675233511930325989180;ADPCUS33XXX
12;HSBC Bank PLC;MP6I5ZYZBEU3UXPYFY54;Financial;11;false;true;8;Canada Square;;E14 5HQ;GB;51.5054464;-0.0173806999999897;HSBC Bank PLC;ADP GLOBAL PROXY SERVICES;AE920546899590025085278;ADPGUS33XXX
13;Bank of America Corp;9DJT3UXIJIZJI4WXO774;Financial;;false;true;100;North Tryon Street;Charlotte;28202;US;35.2274982;-80.84198119999996;Bank of America Corp;AEGON USA INVESTMENT MANAGEMENT, LLC;AE478677675840947417448;AEGUUS44XXX
14;NB Holdings Corp;KICLUKNX9RFGEJXSJP27;Financial;13;false;true;100;North Tryon Street;Charlotte;28202;US;35.2274982;-80.84198119999996;NB Holdings Corp;AGILENT TECHNOLOGIES, INC;AE596445007711245952906;AGILUS6SXXX
15;Merrill Lynch International Inc;;;14;false;true;;;;;;;;Merrill Lynch International Inc;AGRICULTURAL BANK OF CHINA NEW YORK BRANCH;AE346928794717983805890;ABOCUS33XXX
16;ML EMEA Holdings LLC;;;15;false;true;;;;;;;;ML EMEA Holdings LLC;AIB BANK;AE262395122824639022136;AIBKUS3TTMK
17;Merrill Lynch UK Holdings;5493004I1J5XW2WFNE95;Financial;16;false;true;2;King Edward Street;;EC1A 1HQ;GB;51.5164002;-0.1017076000000543;Merrill Lynch UK Holdings;AIB BANK;AE707221332025172374418;AIBKUS33XXX
18;Merrill Lynch Europe Ltd/United Kingdom;;Financial;17;false;true;2;King Edward Street;;EC1A 1HQ;GB;51.516074;-0.09999300000004041;Merrill Lynch Europe Ltd/United Kingdom;AIB BANK;AE721519809943004547466;AIBKUS3TXXX
19;Merrill Lynch Europe Intermediate Holdings;;Financial;18;false;true;2;King Edward Street;;EC1A 1HQ;GB;51.5164002;-0.1017076000000543;Merrill Lynch Europe Intermediate Holdings;AIG FINANCIAL PRODUCTS CORP.;AE186921281983504320962;AIGFUS33XXX
20;Merrill Lynch Holdings Ltd/London;;Financial;19;false;true;2;King Edward Street;;EC1A 1HQ;GB;51.5164002;-0.1017076000000543;Merrill Lynch Holdings Ltd/London;AIG INTERNATIONAL INC.;AE377766966957984252080;AIGIUS33XXX
21;ML UK Capital Holdings;;Financial;20;false;true;;;;;;;;ML UK Capital Holdings;ALCOA INC.;AL77433535603416854286769292;ALUMUS33XXX
22;Verner Investissements SAS;969500Q2W6XUU1UVQA37;Financial;;false;true;;;;;;;;Verner Investissements SAS;ALLY FINANCIAL INC;AL39375530259373487378715061;ALYIUS33INC
23;Credit Suisse Group AG;;Financial;;false;true;8;Paradeplatz;Zürich;8001;CH;47.3699343;8.538644299999987;Credit Suisse Group AG;ALLY FINANCIAL INC;AL89630567493176419435314321;ALYIUS33QTM
24;Credit Suisse AG;ANGGYXNX0JLX3X63JN86;Financial;23;false;true;231;Uetlibergstrasse;Zürich;8045;CH;47.35624740000001;8.515264500000058;Credit Suisse AG;ALLY FINANCIAL INC;AL14721199687620878031935356;ALYIUS33SER
25;Credit Suisse International Holding AG;;Financial;24;false;true;231;Uetlibergstrasse;Zürich;8045;CH;47.35624740000001;8.515264500000058;Credit Suisse International Holding AG;ALLY FINANCIAL INC;AL71548669637333333979469022;ALYIUS33XXX
26;Credit Suisse Investment Holdings UK;549300Y8EQ8RQ2QN0K83;Diversified;25;false;true;;;;E14 4QJ;GB;51.50597140000001;-0.023641499999939697;Credit Suisse Investment Holdings UK;ALOSTAR BANK OF COMMERCE;AL21813087855304974743391497;ALOEUS44XXX
27;Barclays PLC;213800LBQA1Y9L22JB70;Financial;;false;true;1;Churchill Place;;E14 5HP;GB;51.5051715;-0.014344100000016624;Barclays PLC;ALTICOR INC;AL96526485964637471763231091;AMWYUS33XXX
28;UBS Group AG;UBSG VX;Financial;;false;true;;;;;;;;UBS Group AG;AMB PROPERTY, L.P.;AL32228422318037822030523772;AMBCUS6LXXX
29;UBS AG;BFM8T61CT2L1QCEMIK50;Financial;28;false;true;45;Bahnhofstrasse;Zürich;8001;CH;47.3719809;8.538143699999978;UBS AG;AMEGY BANK N.A.;AL24136255090901265701073106;SWBKUS44XXX
30;United Kingdom of Great Britain and Northern Ireland;;Government;;false;true;;Marlborough Road;;SW1A 1BS;GB;51.5045855;-0.13782689999993636;United Kingdom of Great Britain and Northern Ireland;AMERICAN BUSINESS BANK;AL04830447022732430131672871;ACBBUS6LXXX
31;UK Financial Investments Ltd;;Financial;30;false;true;1;Horse Guards Road;;SW1A 2HQ;GB;51.5017638;-0.1291079999999738;UK Financial Investments Ltd;AMERICAN EXPRESS TRAVEL RELATED SERVICES CO.,INC. (TRAVELERS CHEQUE OPER.CTR.);AT501053263617238072;AETCUS55XXX
32;Royal Bank of Scotland Group PLC;2138005O9XJIJN4JPN90;Financial;31;false;true;;;;EH12 1HQ;GB;55.9414874;-3.3148403000000144;Royal Bank of Scotland Group PLC;AMERICAN FIRST NATIONAL BANK;AT414478154723557484;AFNBUS4HXXX
33;RFS Holdings BV;724500CJPMMIRL3ED230;Financial;32;false;true;;;;;NL;52.132633;5.2912659999999505;RFS Holdings BV;AMERICAN INTERNATIONAL GROUP;AT558677426002803992;AIGXUS33XXX
34;RBS Holdings NV;724500JIWG886A9RRT57;Financial;33;false;true;350-16.A.40;Gustav Mahlerlaan;Amsterdam;1082 ME;NL;52.3369767;4.869484400000033;RBS Holdings NV;AMERICAN INTERNATIONAL GROUP GLOBAL INVESTMENT GROUP;AT575242088717945001;AGIGUS3WXXX
35;Nomura Holdings Inc;549300B3CEAHYG7K8164;Financial;;false;true;;;Chūō-ku;103-0027;JP;35.6837741;139.77563859999998;Nomura Holdings Inc;AMERICAN INTERNATIONAL GROUP GLOBAL INVESTMENT GROUP;AT162469571390122995;AGIGUS33XXX
36;Nomura Europe Holdings PLC;549300IU15NXFPV2FC82;Diversified;35;false;true;1;Saint Martin's Le Grand;;EC1A 4NP;GB;51.51641129999999;-0.09772150000003421;Nomura Europe Holdings PLC;AMERICAN INTERNATIONAL GROUP GLOBAL INVESTMENT GROUP;AT440631557393076755;AGIGUS33MKT
37;Citigroup Inc;6SHGI4ZSSLCXXQSBB395;Financial;;false;true;399;Park Avenue;New York;10022;US;40.7591191;-73.97188489999996;Citigroup Inc;AMERICAN PERSPECTIVE BANK;AT984766656534732726;APBAUS6LXXX
38;Citigroup Global Markets Holdings Inc/United States;82VOJDD5PTRDMVVMGV31;Financial;37;false;true;;;New York;10013;US;40.7206751;-74.01114559999996;Citigroup Global Markets Holdings Inc/United States;APOLLO BANK;AT786009727485255655;UCBMUS3MXXX
39;Citigroup Financial Products Inc;ZULHQJBZHTUV5CCBYQ53;Financial;38;false;true;;;New York;10013;US;40.7206751;-74.01114559999996;Citigroup Financial Products Inc;ARAB BANKING CORPORATION;AT243164958280473188;ABCOUS33XXX
40;Citigroup Global Markets Europe Ltd;5493004FUULDQTMX0W20;Financial;39;false;true;33;Canada Square;;E14;GB;51.504413;-0.017732799999976123;Citigroup Global Markets Europe Ltd;ARES MANAGEMENT LLC;AT261255890961404117;ARNLUS66XXX
41;Bank of Nova Scotia/The;L3I9ZG2KFGXZ61BMYR72;Financial;;false;true;44;King Street West;Toronto;M5H 1H1;CA;43.6489395;-79.37990830000001;Bank of Nova Scotia/The;ARVEST BANK;AZ52TESL09363784970235926936;ARVTUS44XXX
42;Amundi Group SA;96950010FL2T1TJKR531;Financial;4;false;true;;;;;;;;Amundi Group SA;ASSOCIATED BANK GREEN BAY N.A.;AZ33NQCA94874877633441291330;ABGBUS44XXX
43;Midcorp Ltd;213800CGOR2LP7IUTA91;Financial;12;false;true;8;Canada Square;;E14 5HQ;GB;51.5054464;-0.0173806999999897;Midcorp Ltd;ASSOCIATED FOREIGN EXCHANGE, INC;AZ56TTPA99202414119287907862;AFEIUS6LXXX
44;Griffin International Ltd;213800CJWF3QWSV6R758;Diversified;43;false;true;8;Canada Square;;E14 5HQ;GB;51.5054464;-0.0173806999999897;Griffin International Ltd;ATLANTIC CENTRAL BANKERS BANK;AZ70ZZQO70728960502571272696;ATLCUS33XXX
45;HSBC Europe BV;213800OXZV4PDEQTSJ76;Financial;44;false;true;Branch Registration;Refer To Parent Registry;;;GB;;;HSBC Europe BV;AUSTRALIA AND NEW ZEALAND BANKING GROUP LTD.;AZ48AKDH36953032791957534665;ANZBUS33XXX
46;BGC Partners Inc;TF1LXM1YNB81WKUH5G19;Financial;;false;true;499;Park Avenue;New York;10022;US;40.76243669999999;-73.96957020000002;BGC Partners Inc;AVERY DENNISON CORPORATION;AZ32IUEF30846294870078671338;AVERUS66XXX
47;BGC Brokers LP;ZWNFQ48RUL8VJZ2AIC12;Financial;46;false;true;1;Churchill Place;;E14;GB;51.505316;-0.014476400000035028;BGC Brokers LP;AVM L.P.;AZ80XKNA17798537605953904210;IIIAUS33XXX
48;BGC France Holdings SAS;;Diversified;47;false;true;;;;;;;;BGC France Holdings SAS;BAC FLORIDA BANK;AZ76QAFN79041254341670465234;BFLBUS3MXXX
49;Erste Group Bank AG;PQOH26KWDF7CG10L6792;Financial;;false;true;21;Graben;Wien;1010;AT;48.2094472;16.36906339999996;Erste Group Bank AG;BAIN AND COMPANY INC;AZ41XFJK68010626737217700811;BAOYUS33XXX
50;Julius Baer Group Ltd;;Financial;;false;true;36;Bahnhofstrasse;Zürich;8001;CH;47.3712136;8.53906660000007;Julius Baer Group Ltd;BAKER HUGHES INCORPORATED;AZ56FSFH40426901266229062445;BHICUS44XXX
51;French Republic;;Government;;false;true;55;Rue du Faubourg Saint-Honoré;Paris;75008;FR;48.8704156;2.3167538999999806;French Republic;BANAMEX USA;BA090766842465808511;CALCUS6LXXX
52;La Poste SA;9695000YG7TR7PAP0L59;Industrial;51;false;true;44;Boulevard de Vaugirard;Paris;75015;FR;48.8411357;2.3166089999999713;La Poste SA;BANCA IMI SECURITIES CORP.;BA089489285703627876;BIMIUS33XXX
53;ING Groep NV;549300NYKK9MWM7GGW15;Financial;;false;true;888;Bijlmerplein;Amsterdam-Zuidoost;1102 MG;NL;52.3141948;4.951978700000041;ING Groep NV;BANCFIRST;BA153533304460820012;BFOKUS44XXX
54;ING Bank NV;3TK20IVIUJ8J3ZU0QE75;Financial;53;false;true;888;Bijlmerplein;Amsterdam-Zuidoost;1102 MG;NL;52.3141948;4.951978700000041;ING Bank NV;BANCO BILBAO VIZCAYA ARGENTARIA, NEW YORK;BA154215077676945326;BBVAUS33GCI
55;Itau Unibanco Holding SA;;Financial;;false;true;100;Praça Alfredo Egídio de Souza Aranha;;04344-902;BR;-23.6353953;-46.64531169999998;Itau Unibanco Holding SA;BANCO BILBAO VIZCAYA ARGENTARIA, NEW YORK;BA550047448323951461;BBVAUS33IBF
56;UniCredit SpA;549300TRUWO2CD2G5692;Financial;;false;true;;Piazza Cordusio;Milano;20123;IT;45.4653257;9.18608359999996;UniCredit SpA;BANCO BILBAO VIZCAYA ARGENTARIA, NEW YORK;BA352983681541366353;BBVAUS33XXX
57;BAC North America Holding Co;;Consumer, Non-cyclical;14;false;true;100;North Tryon Street;Charlotte;28202;US;35.2274982;-80.84198119999996;BAC North America Holding Co;BANCO BRADESCO S.A.;BA674849787140506971;BBDEUS33XXX
58;Bana Holding Corp;;Financial;57;false;true;135;South LaSalle Street;Chicago;60604;US;41.8797591;-87.63140169999997;Bana Holding Corp;BANCO DAVIVIENDA S.A.;BA925664056457914104;CAFEUS3MXXX
59;Bank of New York Mellon Corp/The;WFLLPEPC7FZXENRZV188;Financial;;false;true;1;Wall Street;New York;10005;US;40.7071269;-74.01180779999999;Bank of New York Mellon Corp/The;BANCO DE BOGOTA, MIAMI AGENCY;BA200602889819942806;BBOGUS3MXXX
60;Groupe BPCE;;Financial;;false;true;50;Avenue Pierre Mendès-France;Paris;75013;FR;48.8395454;2.369786999999974;Groupe BPCE;BANCO DE CREDITO DEL PERU – MIAMI AGENCY;BA328592498599859726;BCPLUS33XXX
61;GDF Suez;;Utilities;;false;true;1;Place Samuel de Champlain;Courbevoie;92400;FR;48.8955904;2.239661100000035;GDF Suez;BANCO DE CREDITO E INVERSIONES, MIAMI BRANCH;BE36187012597370;CREDUS3MXXX
62;Mitsubishi UFJ Financial Group Inc;;Financial;;false;true;;;Chiyoda-ku;100-0005;JP;35.6786882;139.76418939999996;Mitsubishi UFJ Financial Group Inc;BANCO DE LA NACION ARGENTINA;BE84255321634448;NACNUS33XXX
63;Banco Santander SA;5493006QMFDDMYWIAM13;Financial;;false;true;;Avenida de Cantabria;Boadilla del Monte;28660;ES;40.3957507;-3.8698004999999966;Banco Santander SA;BANCO DE LA NACION ARGENTINA, MIAMI BRANCH;BE21827186552461;NACNUS3MXXX
64;JPMorgan Chase & Co;8I5DZWZKVSZI1NUHU748;Financial;;false;true;270;Park Avenue;New York;10172;US;40.7558818;-73.97558449999997;JPMorgan Chase & Co;BANCO DE LA REPUBLICA ORIENTAL DEL URUGUAY;BE44352271504210;BROUUS33XXX
65;Banca Popolare di Milano Scarl;8156009BC82130E7FC43;Financial;;false;true;4;Piazza Filippo Meda;Milano;20121;IT;45.4668086;9.19352200000003;Banca Popolare di Milano Scarl;BANCO DE SABADELL, S.A.;BE27627805006418;BSABUS3XXXX
66;Kingdom of Spain;;Government;;false;true;s/n;Avenida Puerta de Hierro;Madrid;28071;ES;40.4455511;-3.7344611999999415;Kingdom of Spain;BANCO DEL PICHINCHA – MIAMI AGENCY;BE30179200603829;PICHUS3MXXX
67;Fondo de Reestructuracion Ordenada Bancaria;;Government;66;false;true;;;;;ES;40.46366700000001;-3.7492200000000366;Fondo de Reestructuracion Ordenada Bancaria;BANCO DO BRASIL S.A;BE25940945853295;BRASUS3MXXX
68;Banco Financiero y de Ahorros SA;549300GT0XFTFHGOIS94;Financial;67;false;true;8;Carrer del Pintor Sorolla;València;46002;ES;39.4709036;-0.3729476999999406;Banco Financiero y de Ahorros SA;BANCO DO BRASIL S.A;BE64440524359973;BRASUS33XXX
69;Intesa Sanpaolo SpA;2W8N8UU78PMDQKZENC08;Financial;;false;true;156;Piazza San Carlo;Torino;10121;IT;45.0684604;7.6825843000000305;Intesa Sanpaolo SpA;BANCO DO ESTADO DO RIO GRANDE DO SUL-MIAMI BRANCH;BE28615998531799;BRGSUS33XXX
70;Bank of Montreal;NQQ6HPCNCCU6TUTQYE16;Financial;;false;true;100;King Street West;Toronto;M5X 1A9;CA;43.6490336;-79.38180460000001;Bank of Montreal;BANCO ESPANOL DE CREDITO;BE35364813150218;ESPCUS3NXXX
71;Bank of Montreal Holding Inc;549300ECB7LKCSVS9H14;;70;false;true;;;;;;;;Bank of Montreal Holding Inc;BANCO ESPIRITO SANTO;BG89GPEK56593674903381;BESCUS33XXX
72;Bank of Montreal Securities Canada Ltd;;;71;false;true;;;;;;;;Bank of Montreal Securities Canada Ltd;BANCO ESPIRITO SANTO DE INVESTIMENTO, S.A.;BG53KREK28857242008651;ESSIUS3NXXX
73;BPCE SA;9695005MSX1OYEMGDF46;Financial;60;false;true;50;Avenue Pierre Mendès-France;Paris;75013;FR;48.8395454;2.369786999999974;BPCE SA;BANCO ESTADO DE CHILE NEW YORK BRANCH.;BG78XEOS22385603947009;BECHUS33XXX
74;EGB Ceps Beteiligungen GmbH;;;49;false;true;;;;;;;;EGB Ceps Beteiligungen GmbH;BANCO INDUSTRIAL DE VENEZUELA;BG96ZNBC93315107305543;INDSUS33XXX
75;EGB Ceps Holding GmbH;;;74;false;true;;;;;;;;EGB Ceps Holding GmbH;BANCO INDUSTRIAL DE VENEZUELA, C.A. MIAMI AGENCY;BG04PLGJ39112901249321;INDSUS3MXXX
76;Citicorp;;Financial;37;false;true;;;;;;;;Citicorp;BANCO INTERNACIONAL DE COSTA RICA, MIAMI AGENCY;BG91NMMQ87392263843008;COSRUS3MXXX
77;Citibank NA;E57ODZWZ7FF32TWEFA76;Financial;76;false;true;701;East 60th Street North;Sioux Falls;57104;US;43.6002001;-96.71778749999999;Citibank NA;BANCO ITAU EUROPA INTERNATIONAL;BG89LBBL92529445510635;ITAUUS3MXXX
78;Citibank Overseas Investment Corp;CYSD4L2598RQ9BPPCB72;Financial;77;false;true;1;Penns Way;New Castle;19720;US;39.6868713;-75.60728849999998;Citibank Overseas Investment Corp;BANCO LATINOAMERICANO DE COMERCIO EXTERIOR S.A.;BG34FOUX09701836015135;BLAEUS3XXXX
79;GFI Group Inc;SMKBZZQY7Q8IGJB2CR62;Financial;;false;true;;;New York;10004;US;40.7033226;-74.00889619999998;GFI Group Inc;BANCO SANTANDER INTERNATIONAL;BG50CQSL88413866190333;BDERUS3MXXX
80;Goldman Sachs Group Inc/The;784F5XWPLTWKTBV3E584;Financial;;false;true;200;West Street;New York;10282;US;40.7148895;-74.01437170000003;Goldman Sachs Group Inc/The;BANCO SANTANDER S.A. NEW YORK;BG54LZPX83133356986923;BSCHUS33XXX
81;Goldman Sachs UK LLC;551QBR5B50SV8ZYC3K06;Financial;80;false;true;1209;North Orange Street;Wilmington;19801;US;39.7484369;-75.54772579999997;Goldman Sachs UK LLC;BANCOLOMBIA S.A. MIAMI AGENCY;BH42WREH19539734515306;COLOUS33XXX
82;Goldman Sachs Group UK Ltd;549300RQT6K4WXZL3083;;81;false;true;;;;;;;;Goldman Sachs Group UK Ltd;BANCOMER TRANSFER SERVICES INC.;BH98NLUT86421472098677;BTSIUS44BFX
83;Kyte Group Ltd/The;549300OHLZ0RR2TSKH90;Financial;79;false;true;52;Upper Street;;N1 0QH;GB;51.5354716;-0.10497090000001208;Kyte Group Ltd/The;BANCOMER TRANSFER SERVICES INC.;BH67LLAB36319799749487;BTSIUS44BTS
84;Lloyds Banking Group PLC;549300PPXHEU2JF0AM85;Financial;;false;true;25;Gresham Street;;EC2V 7HN;GB;51.5163652;-0.0954977000000099;Lloyds Banking Group PLC;BANCOMER TRANSFER SERVICES INC.;BH85ZKDP14397384656366;BTSIUS44XXX
85;Credit Mutuel de Bretagne;;Financial;6;false;true;;;;;;;;Credit Mutuel de Bretagne;BANESCO USA;BH48UFGK10927918348554;BBUBUS33XXX
86;Emirate of Abu Dhabi United Arab Emirates;;Government;;false;true;;;Abu Dhabi;;AE;24.453884;54.37734380000006;Emirate of Abu Dhabi United Arab Emirates;BANGKOK BANK PUBLIC COMPANY LIMITED, NEW YORK;BH03JVSU20620258198396;BKKBUS33XXX
87;Abu Dhabi Investment Council;549300I0JAUM1JRL5I94;Financial;86;false;true;;;Abu Dhabi;;AE;24.4561024;54.40099710000004;Abu Dhabi Investment Council;BANGOR SAVINGS BANK;BH45AKMD63990418902500;BSMEUS33XXX
88;Morgan Stanley;IGJSJL3JD5P30I6NJZ34;Financial;;false;true;1585;Broadway;New York;10023;US;40.7600233;-73.98536409999997;Morgan Stanley;BANK HAPOALIM B.M.;BH73WWQU08203617997095;POALUS33CHG
89;Morgan Stanley Capital Management LLC;;;88;false;true;;;;;;;;Morgan Stanley Capital Management LLC;BANK HAPOALIM B.M.;BH73VMKR22191292929278;POALUS33MIA
90;Morgan Stanley Domestic Holdings Inc;;;89;false;true;;;;;;;;Morgan Stanley Domestic Holdings Inc;BANK HAPOALIM B.M.;BH20PGGT36834137659411;POALUS33XXX
91;VIEL et Cie Finance SE;969500CWFF1XKRFIXJ90;Diversified;;false;true;;;;;FR;46.227638;2.213749000000007;VIEL et Cie Finance SE;BANK HAPOALIM B.M.;BR6413169068668781131079413O2;POALUS33GTN
92;VIEL & Cie SA;;Financial;91;false;true;253;Boulevard Pereire;Paris;75017;FR;48.8785481;2.286666999999966;VIEL & Cie SA;BANK LEUMI USA;BR3954890932623977542468944S0;LUMIUS3NCHI
93;Financiere Vermeer NV;;;92;false;true;;;;;;;;Financiere Vermeer NV;BANK LEUMI USA;BR1416913464037747262672215X5;LUMIUS3NLAX
94;Cie Financiere Tradition SA;;Financial;93;false;true;11;Rue de Langallerie;Lausanne;1003;CH;46.52006850000001;6.6387913999999455;Cie Financiere Tradition SA;BANK LEUMI USA;BR7051636856061050239425078W0;LUMIUS3NMIA
95;Tullett Prebon PLC;;Financial;;false;true;;;;EC2N 1HN;GB;51.5147002;-0.08596599999998489;Tullett Prebon PLC;BANK LEUMI USA;BR5704187157746545281454037D8;LUMIUS3NXXX
96;Royal Bank of Canada;ES7IP3U3RHIGC71XBU11;Financial;;false;true;200;Bay Street;Toronto;M5J 2J1;CA;43.6464188;-79.37981689999998;Royal Bank of Canada;BANK NEGARA INDONESIA (PERSERO) PT., NEW YORK AGENCY;BR6375714044819852414688311N3;BNINUS33XXX
97;RBC USA Holdco Corp;;;96;false;true;230;Vesey Street;New York;10281;US;40.7131304;-74.0154149;RBC USA Holdco Corp;BANK OF AMERICA, N.A.;BR1330630758165227279972539R6;BOFAUS3DAU2
98;Standard Chartered PLC;U4LOSYZ7YG4W3S5F2G91;Financial;;false;true;1;Basinghall Avenue;;EC2V 5DD;GB;51.5167112;-0.0908907000000454;Standard Chartered PLC;BANK OF AMERICA, N.A.;BR2918657130508331446127842W9;BOFAUS3DSG3
99;Standard Chartered Holdings Ltd;549300CMZRKFV0TJGO90;Financial;98;false;true;2;Rue Donizetti;Paris;75016;FR;48.8479971;2.2651836000000003;Standard Chartered Holdings Ltd;BANK OF AMERICA, N.A.;BR3930151398149629011264485K3;BOFAUS3DSG2
100;Credit Suisse Holdings USA Inc;549300YHT5NGRKJD1R94;Financial;24;false;true;11;Madison Avenue;New York;10010;US;40.7415114;-73.98696769999998;Credit Suisse Holdings USA Inc;BANK OF AMERICA, N.A.;BR6278656211723313129290909F9;BOFAUS3DAUS
101;Credit Suisse USA Inc;EXD7DEVFDH4HOFFQ7349;Financial;100;false;true;11;Madison Avenue;New York;10010;US;40.7415114;-73.98696769999998;Credit Suisse USA Inc;ABC INTERNATIONAL BANK PARIS BRANCH;BY48840847124325491367380131;ABCOFRPPXXX
102;Standard Bank Group Ltd;;Financial;;false;true;;;Johannesburg;2001;ZA;-26.21109;28.039639999999963;Standard Bank Group Ltd;ABE CLEARING SAS/EBA CLEARING;BY78225783945726769205022354;EBAPFRPPXXX
103;Standard International Holdings SA/Luxembourg;;;102;false;true;;;;;;;;Standard International Holdings SA/Luxembourg;ABE CLEARING SAS/EBA CLEARING;BY73790077344345929771880243;EBAPFRPPBAS
104;State Street Corp;549300ZFEEJ2IP5VME73;Financial;;false;true;1;Lincoln Street;Boston;02111;US;42.352773;-71.05860899999999;State Street Corp;ABE CLEARING SAS/EBA CLEARING;BY70818719167494838824261212;EBAPFRPPCOL
105;UniCredit Bank Austria AG;D1HEB8VEU6D9M8ZUXG17;Financial;56;false;true;6-8;Schottengasse;Wien;1010;AT;48.2136118;16.363233600000058;UniCredit Bank Austria AG;ABE CLEARING SAS/EBA CLEARING;BY95346370216799603696683142;EBAPFRPPPSA
106;UniCredit Bank Czech Republic and Slovakia AS;;Financial;105;false;true;1525/1;Želetavská;;140 00;CZ;50.048965;14.453245400000014;UniCredit Bank Czech Republic and Slovakia AS;ABE CLEARING SAS/EBA CLEARING (SYSTEM OPERATOR);BY61206480486314305481892083;EBAPFRPSXXX
107;HVB Bank Czech Republic AS;;Financial;106;false;true;7;Revoluční;;110 00;CZ;50.09035979999999;14.427691900000013;HVB Bank Czech Republic AS;ACCENTURE INSURANCE SERVICES;BY74762543187681018342886096;ACIVFRPPXXX
108;Russian Federation;5493004EHVGF71PDBU58;Government;;false;true;26;ulitsa Bolshaya Dmitrovka;Moskva;103426;RU;55.764426;37.61218489999999;Russian Federation;AFFINE SA;BY02963508059258946061386755;AFFIFRPPXXX
109;VTB Bank OJSC;;Financial;108;false;true;43;Vorontsovskaya ulitsa;Moskva;109147;RU;55.7330367;37.66411429999994;VTB Bank OJSC;AGF ASSET MANAGEMENT;BY04263949896630124737260165;AGFMFRPPXXX
110;VTB Capital Holding CJSC;;;109;false;true;;;;;;;;VTB Capital Holding CJSC;AGF ASSET MANAGEMENT;BY60600004333895354353891765;AGFMFRPPPVS
111;Daiwa Securities Group Inc;;Financial;;false;true;;;Chiyoda-ku;100-0004;JP;35.6856096;139.765578;Daiwa Securities Group Inc;AIRBUS SAS;CH5238644326504170030;AIRBFR22XXX
112;Daiwa International Holdings Inc;;;111;false;true;;;;;;;;Daiwa International Holdings Inc;AL KHALIJI FRANCE S.A.;CH8996916480972068158;LICOFRPPXXX
113;Daiwa Capital Market America Holdings Inc;;Financial;112;false;true;32;Old Slip;New York;10005;US;40.7037373;-74.0077157;Daiwa Capital Market America Holdings Inc;ALCATEL-LUCENT;CH8108198760804946690;ATELFRPPXXX
114;Deutsche Bank AG;7LTWFZYICNSX8D621K86;Financial;;false;true;12;Taunusanlage;Frankfurt am Main;60325;DE;50.113816;8.668187200000034;Deutsche Bank AG;ALLIANZ BANQUE S.A.;CH7089958968956197025;AGFBFRCCXXX
115;Taunus Corp;;Financial;114;false;true;60;Wall Street;New York;10005;US;40.70616769999999;-74.00831949999997;Taunus Corp;ALSTOM HOLDINGS;CH5448881293193292537;ALHOFRPPXXX
116;Kingdom of Belgium;;Government;;false;true;Brederodestraat 16;rue Brederode;Brussels;B-1000;BE;;;Kingdom of Belgium;ALSYON TECHNOLOGIES;CH5107707035058117964;ALSYFRPPXXX
117;Societe Federale de Participations et d'Investissement;;Financial;116;false;true;Avenue Louise 32 - 46A;boite 4;Bruxelles;1050;BE;;;Societe Federale de Participations et d'Investissement;AMUNDI ASSET MANAGEMENT;CH6821653337797495646;AGRIFRPIXXX
118;Dexia SA;D3K6HXMBBB6SK9OXH394;Financial;117;false;true;11;Place Charles Rogier;Saint-Josse-ten-Noode;1210;BE;50.8565062;4.359406199999967;Dexia SA;APTAR GROUP SAS;CH4063107384184135127;APTAFRPPXXX
119;Dexia Credit Local SA;F4G136OIPBYND1F41110;Financial;118;false;true;1;Passerelle des Reflets;Courbevoie;92400;FR;48.8911659;2.246606199999974;Dexia Credit Local SA;ARCELOR TREASURY SNC;CH3586796349260823169;USINFRPPXXX
120;GS Asia LP;;;80;false;true;;;;;;;;GS Asia LP;AREVA SA;CH9278557200504481500;AREVFRPPXXX
121;Goldman Sachs Japan Ltd;;;120;false;true;;;Minato;106-6108;JP;35.6604638;139.72924869999997;Goldman Sachs Japan Ltd;ART ET TECHNIQUES DU PROGRES;CR66100105880644256821;GRSRFR22XXX
122;Alco Hellas SA;;Industrial;;false;true;Aspropirgos Attikis;Thesi Kirillo;Athens;193 00;GR;;;Alco Hellas SA;ATTIJARIWAFA BANK;CR33646493115345344528;BCMAFRPPXXX
123;Hellenic Financial Stability Fund;HFSF GA;Financial;;false;true;;;;;;;;Hellenic Financial Stability Fund;AXA BANQUE SA;CR13564920108236965468;AXABFRPPXXX
124;People's Republic of China;;Government;;false;true;;;Beijing;;CN;39.90419989999999;116.40739630000007;People's Republic of China;BANCA CARIGE SPA;CR66520821785255101588;CRGEFR2XXXX
125;China Investment Corp;;Financial;124;false;true;1;Chao Yang Men Bei Da Jie;Dongcheng Qu, Beijing;100001;CN;;;China Investment Corp;BANCA REGIONALE EUROPEA S.P.A.;CR66633967268865796374;BREUFR22XXX
126;Central Huijin Investment Ltd;;Financial;125;false;true;New Poly Plaza;1 Chaoyangmen Beida Street;Dongcheng;100010;CN;;;Central Huijin Investment Ltd;BANCO BILBAO VIZCAYA ARGENTARIA;CR87207045037033355659;BBVAFRPPXXX
127;Bank of China Ltd;54930053HGCFWVHYZX42;Financial;126;false;true;No. 1 Fuxingmen Nei Dajie;;Beijing;100818;CN;;;Bank of China Ltd;BANCO BPI, PARIS;CR64974038596392523584;BBPIFRPPXXX
128;BOC Hong Kong Group Ltd;;Diversified;127;false;true;;;;;;;;BOC Hong Kong Group Ltd;BANCO DE SABADELL;CR92761560240036813655;BSABFRPPXXX
129;BOC Hong Kong BVI Ltd;;;128;false;true;C/O Offshore Incorporation;Lim Offshore Incorporations Ce;Road Town;;VG;;;BOC Hong Kong BVI Ltd;BANCO DO BRASIL S.A.;CR11879333588872903731;BRASFRPPXXX
130;BOC Hong Kong Holdings Ltd;;Financial;129;false;true;1;Garden Road;;;HK;22.2793043;114.16149310000003;BOC Hong Kong Holdings Ltd;BANCO SANTANDER S.A.;CR28521652482821693905;BSCHFRPPXXX
131;DBS Group Holdings Ltd;;Financial;;false;true;6;Shenton Way;Singapore;068809;SG;1.2778231;103.8489535;DBS Group Holdings Ltd;BANK AUDI SARADAR FRANCE;CY17436045711755570107225907;AUDIFRPPXXX
132;CIMB Group Holdings Bhd;;Financial;;false;true;;Jalan Semantan;Kuala Lumpur;50490;MY;3.1514174;101.669847;CIMB Group Holdings Bhd;BANK MELLI IRAN;CY19829731421904966888043461;MELIFRPPXXX
133;CIMB Group Sdn Bhd;;Financial;132;false;true;;Jalan Semantan;Kuala Lumpur;50490;MY;3.1514174;101.669847;CIMB Group Sdn Bhd;BANK OF AMERICA, N.A. PARIS;CY46324787271718704676467490;BOFAFRPPXXX
134;Citigroup Asia Pacific Holding Corp;;;78;false;true;;;;;;;;Citigroup Asia Pacific Holding Corp;BANK OF CHINA, PARIS BRANCH;CY91485098127326794283229053;BKCHFRPPXXX
135;Citigroup Holding Singapore Pte Ltd;;Diversified;134;false;true;;;;;;;;Citigroup Holding Singapore Pte Ltd;BANK OF CHINA, PARIS BRANCH;CY56512472360572986560398206;BKCHFRPP013
136;China Development Financial Holding Corp;;Financial;;false;true;125;Section 5, Nanjing East Road;;105;TW;25.051756;121.56092699999999;China Development Financial Holding Corp;BANK OF INDIA;CY54591285026214342164352893;BKIDFRPPXXX
137;Korea Investment Holdings Co Ltd;;Financial;;false;true;;;Seoul;150-010;KR;37.522053;126.92227700000001;Korea Investment Holdings Co Ltd;BANK OF TOKYO-MITSUBISHI UFJ, LTD., THE;CY41279916437630027490985048;BOTKFRCCXXX
138;Mitsubishi UFJ Securities Holdings Co Ltd;ZOMOLU8CGIZRYZ7PFU34;Financial;62;false;true;;;Chiyoda-ku;100-0005;JP;35.6842777;139.76504820000002;Mitsubishi UFJ Securities Holdings Co Ltd;BANK OF TOKYO-MITSUBISHI UFJ, LTD., THE;CY54860231369691550142233906;BOTKFRPXXXX
139;Morgan Stanley Asia Holdings Ltd;549300B463XZ1QILZ706;;;false;true;;;;;;;;Morgan Stanley Asia Holdings Ltd;BANK POLSKA KASA OPIEKI S.A., SUCCURSALE DE PARIS;CY10909132693233704797710245;PKOPFRPPXXX
140;Morgan Stanley Hong Kong Holdings Ltd;;;139;false;true;;;;;;;;Morgan Stanley Hong Kong Holdings Ltd;BANK SADERAT IRAN – PARIS BRANCH;CY76380025268900264218184680;BSIRFRPPXXX
141;Morgan Stanley Hong Kong 1238 Ltd;549300ISXXNNC3417K32;Consumer, Non-cyclical;140;false;true;;;;;;;;Morgan Stanley Hong Kong 1238 Ltd;BANK SEPAH;CZ7292103147311472627099;SEPBFRPPXXX
142;Morgan Stanley Hong Kong Ltd;549300QUPQEYL7TXZO92;Financial;141;false;true;;;;;HK;22.303462;114.16024199999993;Morgan Stanley Hong Kong Ltd;BANK TEJARAT;CZ7420754393315558736373;BTEJFRPPXXX
143;Morgan Stanley Asia Securities Products LLC;VNBXM0Z2U4RBOW26J957;Financial;142;false;true;;;;;;;;Morgan Stanley Asia Securities Products LLC;BANQUE AIG, PARIS HEAD OFFICE;CZ3646152445653099329260;AIGAFRPPXXX
144;Nomura Asia Holding NV;;Financial;35;false;true;8;Finance Street;;;HK;22.285232;114.15925960000004;Nomura Asia Holding NV;BANQUE BCP;CZ9122666104120536411159;BPSMFRPPXXX
145;Standard Chartered Bank;RILFO74KP1CM8P6PCT96;Financial;99;false;true;1;Basinghall Avenue;;EC2V 5DD;GB;51.5167112;-0.0908907000000454;Standard Chartered Bank;BANQUE BIA;CZ9346439035985386831367;BIARFRPPXXX
146;HSBC Overseas Holdings UK Ltd;213800IEOXLXPVAMFT53;Diversified;11;false;true;8;Canada Square;;E14 5HQ;GB;51.5054464;-0.0173806999999897;HSBC Overseas Holdings UK Ltd;BANQUE CENTRALE DE COMPENSATION – LCH.CLEARNET SA;CZ8396903462538913796603;BACPFRPPXXX
147;HSBC North America Holdings Inc;213800JCL1FHBQK3M654;Financial;146;false;true;452;5th Avenue;New York;10018;US;40.7521123;-73.98230639999997;HSBC North America Holdings Inc;BANQUE CENTRALE DE COMPENSATION – LCH.CLEARNET SA;CZ5952548360406057912579;BACPFRPPAMS
148;HSBC Investments North America Inc;213800F6RPPEO921Z125;Financial;147;false;true;;;;;;;;HSBC Investments North America Inc;BANQUE CENTRALE DE COMPENSATION – LCH.CLEARNET SA;CZ6507653705647616307547;BACPFRPPASI
149;Mizuho Financial Group Inc;;Financial;;false;true;;;Chiyoda-ku;100-0005;JP;35.6799519;139.76323109999998;Mizuho Financial Group Inc;BANQUE CENTRALE DE COMPENSATION – LCH.CLEARNET SA;CZ0304074800904813727458;BACPFRPPDVP
150;Mizuho Securities Co Ltd;549300I6K0JHSVK8I066;Financial;149;false;true;;;Chiyoda;100-0004;JP;35.685932;139.76424999999995;Mizuho Securities Co Ltd;BANQUE CENTRALE DE COMPENSATION – LCH.CLEARNET SA;CZ3098056290934280135159;BACPFRPPMMO
151;Mizuho Securities UK Holdings Ltd;213800BIXYUNHVOOUV36;Financial;150;false;true;;;;;;;;Mizuho Securities UK Holdings Ltd;BANQUE CENTRALE DE COMPENSATION – LCH.CLEARNET SA;DE57344002265865805471;BACPFRPPOTC
152;Intercontinental Exchange Inc;5493000F4ZO33MV32P92;Financial;;false;true;2100;Riveredge Parkway;Atlanta;30328;US;33.9085733;-84.44062129999998;Intercontinental Exchange Inc;BANQUE CENTRALE DE COMPENSATION – LCH.CLEARNET SA;DE34606369552886964270;BACPFRPPSBL
153;Intermonte Holding SpA;8156007125B2DED00348;Diversified;;false;true;;;;;;;;Intermonte Holding SpA;BANQUE CENTRALE DE COMPENSATION – LCH.CLEARNET SA;DE32880534898349502395;BACPFRPPTG2
154;JPMorgan Chase Bank NA;7H6GLXDRUGQFU57RNE97;Financial;64;false;true;1111;Polaris Parkway;Columbus;43240;US;40.1424136;-82.99506639999998;JPMorgan Chase Bank NA;BANQUE CHAABI DU MAROC;DE20754877698975524970;BCDMFRPPXXX
155;JP Morgan International Inc;;Financial;154;false;true;560;Mission Street;San Francisco;94105;US;37.7887569;-122.39938359999996;JP Morgan International Inc;BANQUE CHAIX;DE44565966453846814819;CHAIFR2AXXX
156;Bank One International Holdings Corp;;;155;false;true;;;;;;;;Bank One International Holdings Corp;BANQUE COURTOIS S.A.;DE85762202569900029519;COURFR2TXXX
157;JP Morgan International Finance Ltd;549300MW265RRCSDUE83;Financial;156;false;true;500;Stanton Christiana Road;Newark;19713;US;39.6941436;-75.64809070000001;JP Morgan International Finance Ltd;BANQUE DE BRETAGNE;DE36710177589270728448;BDEBFR2RXXX
158;JPMorgan Holdings Japan LLC;;;157;false;true;;;;;;;;JPMorgan Holdings Japan LLC;BANQUE DE FRANCE;DE94992131249490490513;BDFEFR2TXXX
159;Leucadia National Corp;549300HOF34RGOJ5YL07;Diversified;;false;true;315;Park Avenue South;New York;10010;US;40.7405233;-73.9856279;Leucadia National Corp;BANQUE DE GESTION PRIVEE-SIB;DE86801453229346515559;SIBLFRPPXXX
160;Deutsche Securities Ltd;;Financial;114;false;true;2;Queen's Road Central;;;HK;22.2797248;114.1607682;Deutsche Securities Ltd;BANQUE DE GESTION PRIVEE-SIB;DE22934577683345953165;SIBLFRPPOEM
161;JP Morgan Securities Holdings Hong Kong Ltd;;Consumer, Non-cyclical;157;false;true;;;;;;;;JP Morgan Securities Holdings Hong Kong Ltd;BANQUE DE GESTION PRIVEE-SIB;DK8644559675962034;SIBLFRPPOES
162;JP Morgan Capital Holdings Ltd;549300Z1UDXFNOBBUI23;Financial;157;false;true;125;London Wall;;EC2Y;GB;51.5174754;-0.0937108000000535;JP Morgan Capital Holdings Ltd;BANQUE DE GESTION PRIVEE-SIB;DK5183633773126299;SIBLFRPPSCM
163;JP Morgan Chase UK Holdings Ltd;549300PF35PXTNDEAL74;Diversified;162;false;true;125;London Wall;;EC2Y;GB;51.5174754;-0.0937108000000535;JP Morgan Chase UK Holdings Ltd;BANQUE DE GESTION PRIVEE-SIB;DK0287305415745319;SIBLFRPPSCS
164;JP Morgan Chase International Holdings;5493008Z4LT56JZXGL54;Financial;163;false;true;125;London Wall;;EC2Y;GB;51.5174754;-0.0937108000000535;JP Morgan Chase International Holdings;BANQUE DE GESTION PRIVEE-SIB;DK5469147217071181;SIBLFRPPTRM
165;Sumitomo Mitsui Financial Group Inc;;Financial;;false;true;1-1-2 Marunouchi;;Chiyoda-Ku;;JP;;;Sumitomo Mitsui Financial Group Inc;BANQUE DE GESTION PRIVEE-SIB;DK1518441000819330;SIBLFRPPTRS
166;Sumitomo Mitsui Banking Corp;5U0XI89JRFVHWIBS4F54;Financial;165;false;true;;;Chiyoda-ku;100-0005;JP;35.6849846;139.7624227;Sumitomo Mitsui Banking Corp;BANQUE DE L’EUROPE MERIDIONALE SA;DK6246666005528484;BEMOFRPPXXX
167;National Bank of Canada;BSGEFEIOM18Y80CKCV46;Financial;;false;true;600;Rue de la Gauchetière Ouest;Montréal;H3B;CA;45.50175420000001;-73.56393179999998;National Bank of Canada;BANQUE DE REALISATIONS DE GESTION ET DE FINANCEMENT;DK0416034594542724;RGFIFRPPXXX
168;National Bank Acquisition Holding Inc;;Diversified;167;false;true;;;;;;;;National Bank Acquisition Holding Inc;BANQUE DE SAVOIE S.A.;DK1153365058780355;BSAVFR2CXXX
169;National Bank Group Inc;;Financial;168;false;true;600, De la Gauchetiere Street;West, Suite 1847-4;Montreal;H4B 5B1;CA;;;National Bank Group Inc;BANQUE DELUBAC ET CIE;DK0719650308801771;DELUFR22XXX
170;National Bank Financial & Co Inc;;;169;false;true;;;;;;;;National Bank Financial & Co Inc;BANQUE D’ESCOMPTE;DK5848744393241497;ESCBFRPPXXX
171;London Stock Exchange Group PLC;213800QAUUUP6I445N30;Financial;;false;true;10;Paternoster Row;;EC4M 7LS;GB;51.5151167;-0.09918340000001535;London Stock Exchange Group PLC;BANQUE D’ESCOMPTE;DO20178977494153285471547211;ESCBFRPPBDF
172;LCH.Clearnet Group Ltd;;Financial;171;false;true;33;Aldgate High Street;;EC3N 1DL;GB;51.5141979;-0.07489429999998265;LCH.Clearnet Group Ltd;BANQUE D’ORSAY;DO55349127384154719833485240;BQORFRCCXXX
173;MarketAxess Holdings Inc;5493002U1CA1XJOVID83;Financial;;false;true;299;Park Avenue;New York;10171;US;40.75604010000001;-73.9741692;MarketAxess Holdings Inc;BANQUE D’ORSAY;DO91683495935800206457155918;BQORFRPPXXX
174;Commerzbank AG;851WYGNLUQLFZBSYGB56;Financial;;false;true;;Kaiserstraße;Frankfurt am Main;;DE;50.1090084;8.670846799999936;Commerzbank AG;BANQUE DUPUY, DE PARSEVAL;DO21233291485485781609360883;BDUPFR2SXXX
175;Commerzbank Auslandsbanken Holding AG;;Diversified;174;false;true;;;;;DE;51.165691;10.451526000000058;Commerzbank Auslandsbanken Holding AG;BANQUE ESPIRITO SANTO ET DE LA VENETIE;DO50264107018625276694744710;BESVFRPPXXX
176;Komercni banka as;IYKCAVNFR8QGF00HV840;Financial;10;false;true;33;Na Příkopě;;110 00;CZ;50.086912;14.427497899999935;Komercni banka as;BANQUE ESPIRITO SANTO ET DE LA VENETIE;DO57225769894065110143412934;BESVFRPPYBF
177;Morgan Stanley International Holdings Inc;XWD7EQW61XGTJ6SJJH78;Financial;88;false;true;1209;North Orange Street;Wilmington;19801;US;39.7484369;-75.54772579999997;Morgan Stanley International Holdings Inc;BANQUE FEDERALE DES BANQUES POPULAIRES (BANQUES POPULAIRES REGIONALES);DO47416307763185732518976877;CCBPFRPPINS
178;Morgan Stanley International Ltd;LSMWH68Y2RHEDP8W5261;Financial;177;false;true;25;Cabot Square;;E14 4QA;GB;51.5050081;-0.02390289999993911;Morgan Stanley International Ltd;BANQUE FRANCAISE COMMERCIALE DE L’OCEAN INDIEN;DO02558326669507675658120842;BFCOFRPPXXX
179;Morgan Stanley Group Europe;549300KQ53YSJOE30687;Financial;178;false;true;25;Cabot Square;;E14 4QA;GB;51.5050081;-0.02390289999993911;Morgan Stanley Group Europe;BANQUE INTERNATIONALE DE COMMERCE-BRED;DO03640302810015758726428419;BICFFRPPXXX
180;Morgan Stanley UK Group;I3V0QMU25665KBGBGX85;Financial;179;false;true;25;Cabot Square;;E14 4QA;GB;51.5050081;-0.02390289999993911;Morgan Stanley UK Group;BANQUE LAYDERNIER;DO58591932618685677100982858;LAYDFR2WXXX
181;Morgan Stanley Investments UK;549300X0IFQFZ9SM2579;;180;false;true;;;;;;;;Morgan Stanley Investments UK;BANQUE LEHMAN BROTHERS;EE892868534514577431;SLBSFRCCXXX
182;Morgan Stanley UK Capital Ltd;;Consumer, Non-cyclical;88;false;true;;;;;;;;Morgan Stanley UK Capital Ltd;BANQUE LEHMAN BROTHERS S.A., PARIS;EE965267124910068141;SLBSFRPPXXX
183;SMBC Nikko Securities Inc;549300HIK4TTS0OCL437;Financial;166;false;true;;;Chiyoda-ku;100-0005;JP;35.67738;139.76291170000002;SMBC Nikko Securities Inc;BANQUE MARTIN-MAUREL;EE196681850954099734;BMMMFR2AXXX
184;Canadian Imperial Bank of Commerce/Canada;2IGI19DL77OX0HC3ZE78;Financial;;false;true;199;Bay Street;Toronto;M5L 1L7;CA;43.6482347;-79.3795255;Canadian Imperial Bank of Commerce/Canada;BANQUE MARTIN-MAUREL;EE932269586192101396;BMMMFRCPXXX
185;Okasan Securities Group Inc;;Financial;;false;true;;;Chūō-ku;103-0027;JP;35.6825992;139.77702739999995;Okasan Securities Group Inc;BANQUE MICHEL INCHAUSPE – BAMI;EE521373123994127151;BAMYFR22BDX
186;JP Morgan Overseas Capital Corp;8EJQDQX8BIEIGBQBCH76;Consumer, Non-cyclical;157;false;true;;;;;;;;JP Morgan Overseas Capital Corp;BANQUE MICHEL INCHAUSPE – BAMI;EE182973150573912491;BAMYFR22XXX
187;JP Morgan Australia Group Pty Ltd;;Financial;186;false;true;225;George Street;Sydney;2000;AU;-33.8632518;151.20738069999993;JP Morgan Australia Group Pty Ltd;BANQUE MISR – SUCCURSALE DE PARIS;EE499572770878559458;BMISFRPPXXX
188;JP Morgan Operations Australia Ltd;;Diversified;187;false;true;225;George Street;The Rocks;2000;AU;-33.862729;151.20706599999994;JP Morgan Operations Australia Ltd;BANQUE NEUFLIZE OBC;EE463812411127948283;NSMBFRPPXXX
189;JP Morgan Administrative Services Australia Ltd;;Financial;188;false;true;85;Castlereagh Street;Sydney;2017;AU;-33.8699085;151.20942960000002;JP Morgan Administrative Services Australia Ltd;BANQUE PALATINE (FORMERLY BANQUE SANPAOLO);EE519925788749808289;BSPFFRPPXXX
190;Deutsche Bank Polska SA;529900LRHCO3JE90D404;Financial;114;false;true;al. 26 People's Army;;Warszawa;00-609;PL;;;Deutsche Bank Polska SA;BANQUE PELLETIER;EE854251342330080633;BPELFR2YXXX
191;Raiffeisen Landesbanken Holding GmbH;;Consumer, Non-cyclical;;false;true;;;;;AT;47.516231;14.550072;Raiffeisen Landesbanken Holding GmbH;BANQUE POP CENTRE ATLANTIQUE;ES3851170253555972355699;CCBPFRPPNIO
192;R-Landesbanken Beteiligung GmbH;;Diversified;191;false;true;;;;;;;;R-Landesbanken Beteiligung GmbH;BANQUE POPULAIRE ATLANTIQUE;ES5141322595643945607766;CCBPFRPPNAN
193;Raiffeisen Zentralbank Oesterreich AG;;Financial;192;false;true;9;Am Stadtpark;Wien;1030;AT;48.2050389;16.3841132;Raiffeisen Zentralbank Oesterreich AG;BANQUE POPULAIRE BOURGOGNE FRANCHE COMTE;ES2396884116170068030211;CCBPFRPPDJN
194;Raiffeisen International Beteiligungs GmbH;;;193;false;true;3;Am Stadtpark;Wien;1030;AT;48.2053737;16.383177299999943;Raiffeisen International Beteiligungs GmbH;BANQUE POPULAIRE COTE D’AZUR;ES7680831306019628958554;CCBPFRPPNCE
195;Raiffeisen Bank International AG;9ZHRYM6F437SQJ6OUG95;Financial;194;false;true;9;Am Stadtpark;Wien;1030;AT;48.2050389;16.3841132;Raiffeisen Bank International AG;BANQUE POPULAIRE D’ALSACE;ES8083606861497064752550;CCBPFRPPSTR
196;Citigroup Japan Holdings Corp;549300C3S27F8ZREU432;Financial;37;false;true;1-5-1 Marunouchi;Shin Marunouchi Bldg 16/F;Chiyoda-Ku;;JP;;;Citigroup Japan Holdings Corp;BANQUE POPULAIRE DE L’OUEST;ES1388457581387395233573;CCBPFRPPREN
197;Citigroup Global Markets Australia Holdings Pty Ltd;;Financial;39;false;true;;;;;;;;Citigroup Global Markets Australia Holdings Pty Ltd;BANQUE POPULAIRE DES ALPES;ES1913691237924625596762;CCBPFRPPGRE
198;Citi Holdings Bahamas Ltd;;;78;false;true;;;;;;;;Citi Holdings Bahamas Ltd;BANQUE POPULAIRE DU MASSIF CENTRAL;ES0944910892219110104259;CCBPFRPPCFD
199;Toronto-Dominion Bank/The;PT3QB789TSUIDF371261;Financial;;false;true;55;King Street West;Toronto;M5K 1A2;CA;43.6471071;-79.38152339999999;Toronto-Dominion Bank/The;BANQUE POPULAIRE DU NORD;ES3407072088842045376463;CCBPFRPPLIL
200;Newedge Group SA;SY0N2375ITPRWQO6BF31;Financial;10;false;true;60;Avenue des Champs-Élysées;Paris-8E-Arrondissement;75008;FR;48.8704642;2.306304800000021;;;;
201;Westpac Banking Corp;EN5TNI6CI43VEPAMHL14;Financial;;false;true;275;Kent Street;Sydney;2000;AU;-33.86645170000001;151.20351660000006;;;;
202;Westpac Overseas Holdings No. 2 Pty Ltd;;Diversified;201;false;true;;;;;;;;;;;
203;Westpac New Zealand Group Ltd;;;202;false;true;;;;;;;;;;;
204;Stifel Financial Corp;549300E5F07FE5GHJX84;Financial;;false;true;501;North Broadway;St. Louis;63102;US;38.6296755;-90.18886880000002;;;;
205;WGZ Beteiligungs GmbH & Co KG;;Diversified;;false;true;;;;;;;;;;;
206;CACEIS Bank Luxembourg SA;6IBE5RUJI08B8EKSZY62;Financial;5;false;true;5;Allée Scheffer;Luxemburg;2520;LU;49.61704959999999;6.122198700000013;;;;
207;Credit Agricole Corporate & Investment Bank SA;1VUV7VQFKUOQSJ21A208;Financial;4;false;true;9;Quai du Président Paul Doumer;Courbevoie;92400;FR;48.8917107;2.257134800000017;;;;
208;CIC;N4JDFKKH2FTD8RKFXO39;Financial;8;false;true;6;Avenue de Provence;Paris-9E-Arrondissement;75009;FR;48.87490709999999;2.335006099999987;;;;
209;BNP Paribas Securities Services SCA;549300WCGB70D06XZS54;Financial;9;false;true;9;Rue du Débarcadère;Pantin;93500;FR;48.8974255;2.3964829999999893;;;;
210;Societe Generale Securities Services France SA;9695001GMY07EJCIYH10;Financial;10;false;true;;Cours Valmy;Paris La Défense 7;92043;FR;48.8919295;2.235399099999995;;;;
211;HSBC France SA;F0HUI1NY1AZMJMD8LP67;Financial;12;false;true;103;Avenue des Champs-Élysées;Paris;75008;FR;48.871905;2.2997499000000516;;;;
212;Merrill Lynch International;GGDZP1UYGU9STUHRDP48;Financial;21;false;true;2;King Edward Street;;EC1A 1HQ;GB;51.5164002;-0.1017076000000543;;;;
213;Exane SA;969500UP76J52A9OXU27;Financial;22;false;true;16;Avenue Matignon;Paris;75008;FR;48.87070569999999;2.313891799999965;;;;
214;Natixis Bank SA;AELIZRVUG3YVEFFUVL97;;;false;true;;;;;;;;;;;
215;Credit Suisse Securities Europe Ltd;DL6FFRRLF74S01HE2M14;Financial;26;false;true;;;;E14 4QJ;GB;51.50597140000001;-0.023641499999939697;;;;
216;BNP Paribas Arbitrage SNC;6EWKU0FGVX5QQJHFGT48;Financial;9;false;true;162;Boulevard Macdonald;Paris;75019;FR;48.8989908;2.3773592999999664;;;;
217;Barclays Capital Securities Ltd;K9WDOH4D2PYBSLSOB484;Financial;27;false;true;5;North Colonnade;;E14 4BB;GB;51.5059743;-0.021834000000012566;;;;
218;UBS Ltd;REYPIEJN7XZHSUI0N355;Financial;29;false;true;1;Finsbury Circus;;EC2M 7EB;GB;51.51824269999999;-0.08733559999996032;;;;
219;Royal Bank of Scotland NV;X3CZP3CK64YBHON1LE12;Financial;34;false;true;20;Foppingadreef;Amsterdam-Zuidoost;1102 BS;NL;52.3108631;4.950779300000022;;;;
220;Nomura International PLC;;Financial;36;false;true;1;Angel Lane;;EC4R 3AB;GB;51.5098245;-0.08943599999997787;;;;
221;Citigroup Global Markets Ltd;XKZZ2JZF41MRHTR1V493;Financial;40;false;true;33;Canada Sq;;E14 5LB;GB;51.5041434;-0.018233799999961775;;;;
222;Societe de Bourse Gilbert Dupont SNC;969500UEQ3U3P21QNJ13;Financial;;false;true;;;;;;;;;;;
223;Scotiabank Europe PLC;5G6NVP4WADOI32VUUB17;Financial;41;false;true;201;Bishopsgate;;EC2M;GB;51.5181635;-0.07980450000002293;;;;
224;Mediobanca SpA;PSNL19R2RXX5U3QWHI44;Financial;;false;true;1;Piazzetta Cuccia Enrico;Milano;20121;IT;45.4675;9.188260000000014;;;;
225;Altura Markets Sociedad de Valores SA;549300KPP03BLDBGEJ74;;;false;true;;;;;;;;;;;
226;Amundi Finance SA;;;4;false;true;;;;;;;;;;;
227;Amundi Private Equity Funds;969500HGDY321R5PAJ83;Financial;42;false;true;90 Blvd Pasteur, CS 21564;Cedex 15;Paris;75015;FR;;;;;;
228;Caisse Regional De Credit Agricole Mutuel d Aquitaine;;Financial;2;false;true;304;Boulevard du Président Wilson;Bordeaux;33000;FR;44.850103;-0.5959820000000491;;;;
229;HSBC Bank Armenia CJSC;;Financial;45;false;true;;;;;;;;;;;
230;Credit Agricole Atlantique Vendee;969500B5DNR7Q1ACGD23;Financial;2;false;true;;Route de Paris;Nantes;;FR;47.25628;-1.5097138999999515;;;;
231;Aurel BGC;5RJTDGZG4559ESIYLD31;Financial;48;false;true;17;Rue Vivienne;Paris;75002;FR;48.86833619999999;2.339485800000034;;;;
232;Banca Comerciala Romana SA;549300ORLU6LN5YD8X90;Financial;49;false;true;Sector 1 Branch;155 Victoriei St.;Romania;;RO;;;;;;
233;Bank Julius Baer & Co Ltd;PNWU8O0BLT17BBV61Y18;Financial;50;false;true;36;Bahnhofstrasse;Zürich;8001;CH;47.3712136;8.53906660000007;;;;
234;Bankinter SA;VWMYAEQSTOPNV0SUGU82;Financial;;false;true;29;Paseo de la Castellana;Madrid;28046;ES;40.4308669;-3.689469499999973;;;;
235;La Banque Postale SA;96950066U5XAAIRCPA78;Financial;52;false;true;115;Rue de Sèvres;Paris-6E-Arrondissement;75006;FR;48.847918;2.3197975000000497;;;;
236;Barclays Bank PLC;G5GSEF7VJP5I7OUK5573;Financial;27;false;true;1;Churchill Place;;E14 5HP;GB;51.5051715;-0.014344100000016624;;;;
237;Brown Brothers Harriman & Co;;Financial;;false;true;140;Broadway;New York;10005;US;40.7086001;-74.01001159999998;;;;
238;ING Belgium SA/NV;;Financial;54;false;true;24;Avenue Marnix;Bruxelles;1000;BE;50.8397659;4.3655301999999665;;;;
239;Banco Bilbao Vizcaya Argentaria SA;K8MS7FD7N5Z2WQ51AZ71;Financial;;false;true;4;San Nikolas Plazatxoa;Bilbo;48005;ES;43.25988599999999;-2.9221979000000147;;;;
240;Banco Itau BBA SA;5H5XJI2U5XWL4UIKDF77;Financial;55;false;true;37;Avenida Paulista;;01311-902;BR;-23.5711545;-46.64519889999997;;;;
241;UniCredit Bank AG;2ZCNRR8UK83OBTEK2170;Financial;56;false;true;1;Kardinal-Faulhaber-Straße;München;80333;DE;48.141267;11.574552600000061;;;;
242;Bloomberg LP;549300B56MD0ZC402L06;Communications;;false;true;731;Lexington Avenue;New York;10022;US;40.7617491;-73.9680045;;;;
243;BNP Paribas Equities France SA;549300R4YKAXM67RQ551;Financial;9;false;true;8;Rue de Sofia;Paris;75018;FR;48.8848154;2.3484048000000257;;;;
244;Bank of America NA;B4TYDEB6GKMZO031MB27;Financial;58;false;true;100;North Tryon Street;Charlotte;28202;US;35.2274982;-80.84198119999996;;;;
245;Bank of New York Mellon/The;HPFHU0OQ28E4N0NFVK49;Financial;59;false;true;1;Wall Street;New York;10005;US;40.7071269;-74.01180779999999;;;;
246;Banque Populaire Atlantique SA A Conseil D'administration;969500WFZ7C2IBN9TB80;;;false;true;;;;;;;;;;;
247;Banque Populaire Aquitaine Centre Atlantique;;Financial;60;false;true;755 501 590 RCS Bordeaux;FR66755501590;;;FR;;;;;;
248;Banque Solfea SA;969500N52VEUBS4SIL34;Financial;61;false;true;;;;;;;;;;;
249;Banque Populaire de l'Ouest SC;969500D7MJLQT636CC16;Financial;60;false;true;1;Place de la Trinité;Rennes;35000;FR;48.11241889999999;-1.6831730999999763;;;;
250;Banque Populaire Rives de Paris SAC;969500W8SBCXNX1DG443;Financial;60;false;true;;;Paris;;FR;48.856614;2.3522219000000177;;;;
251;BRD-Groupe Societe Generale;5493008QRHH0XCLJ4238;Financial;10;false;true;1-7 Ion Mihalache Boulevard;Brd Tower;Bucharest;011171;RO;;;;;;
252;Caisse Regionale de Credit Agricole Mutuel Brie Picardie;969500FYEXW795NPJO79;Financial;2;false;true;500;Rue Saint-Fuscien;Amiens;80090;FR;49.8698069;2.304639400000042;;;;
253;Bank of Tokyo-Mitsubishi UFJ Ltd/The;C3GTMMZIHMY46P4OIX74;Financial;62;false;true;;;Chiyoda-ku;100-0005;JP;35.6786882;139.76418939999996;;;;
254;Bank Zachodni WBK SA;259400LGXW3K0GDAG361;Financial;63;false;true;9/11;Rynek;Wrocław;;PL;51.1099882;17.030182200000013;;;;
255;Credit Agricole Titres;969500SKXA3PHVM2FQ66;;;false;true;;;;;;;;;;;
256;Credit Agricole Consumer Finance SA;;Financial;4;false;true;;Rue du Bois Sauvage;Évry;;FR;48.63880409999999;2.4205698000000666;;;;
257;Caisse Regionale de Credit Agricole Mutuel de Paris et d'Ile-de-France;969500PI25OKPKTD9364;Financial;2;false;true;26;Quai de la Rapée;Paris;75012;FR;48.8408408;2.3745116000000053;;;;
258;CACEIS Bank France;96950023SCR9X9F3L662;Financial;2;false;true;3;Place Valhubert;Paris-13E-Arrondissement;75013;FR;48.8436153;2.3649282000000085;;;;
259;Banca Akros SpA;549300GRXFI7D6PNEA68;Financial;65;false;true;29;Viale Eginardo;Milano;20149;IT;45.4804391;9.151326700000027;;;;
260;Cassa di Risparmio di Parma e Piacenza SpA;8156007D348794DB1690;Financial;4;false;true;1;Strada dell'Università;Parma;43121;IT;44.8011932;10.327451399999973;;;;
261;Caisse Regionale de Credit Agricole Mutuel des Cotes d'Armor;9695005GXM695D8LUY58;Financial;2;false;true;;;;;FR;46.227638;2.213749000000007;;;;
262;Banco Espanol de Credito SA;ERTV7TEHPOJUPEUHGC58;Financial;63;false;true;Avda Gran Via de Hortaleza 3;Edificio Corporativo Planta 0;Madrid;28043;ES;;;;;;
263;Bankia SA;549300685QG7DJS55M76;Financial;68;false;true;8;Carrer del Pintor Sorolla;València;46002;ES;39.4709036;-0.3729476999999406;;;;
264;Banca IMI SpA;QV4Q8OGJ7OA6PA8SCM14;Financial;69;false;true;3;Largo Raffaele Mattioli;Milano;20121;IT;45.46708049999999;9.191333299999997;;;;
265;Credit Suisse International;;Financial;24;false;true;1;Cabot Square;;E14 4QJ;GB;51.5057096;-0.023369300000013027;;;;
266;Banco Espirito Santo SA;UBGVXZLX4SCS302CM391;Financial;;false;true;195;Avenida da Liberdade;Lisboa;1250-096;PT;38.7219624;-9.14784050000003;;;;
267;BMO Nesbitt Burns Corp Ltd;Y37IC0NR44B8KLW4N617;Financial;72;false;true;1;The PATH - First Canadian Place;Toronto;M5X;CA;43.6485661;-79.38180699999998;;;;
268;Banque Palatine SA;EJ3P8B7HPQFKAH6YME79;Financial;73;false;true;42;Rue d'Anjou;Paris;75008;FR;48.8723749;2.3221737000000076;;;;
269;Banque Populaire Bourgogne Franche-Comte SAC;969500QFU43JUMEBY949;Financial;60;false;true;14;Boulevard de la Trémouille;Dijon;21000;FR;47.3263486;5.042470999999978;;;;
270;Banco Popular Espanol SA;80H66LPTVDLM0P28XF25;Financial;;false;true;34;Calle de Velázquez;Madrid;28001;ES;40.4254762;-3.683894499999951;;;;
271;Banque Populaire Lorraine Champagne SAC;969500EVOBAGHKZEXA33;Financial;60;false;true;BP 40124-57021 METZ;;Cedex;;FR;;;;;;
272;Banque Populaire du Nord SAC/France;969500RVNUVNP6SCY284;Financial;60;false;true;847;Avenue de la République;Marcq-en-Barœul;59700;FR;50.6590113;3.0905354000000216;;;;
273;Banque Populaire du Sud SAC;969500VRA7FNH5YBQJ98;Financial;60;false;true;38;Boulevard Georges Clemenceau;Perpignan;66000;FR;42.7003145;2.8891409000000294;;;;
274;BRED Banque Populaire;NICH5Q04ADUV9SN3Q390;Financial;60;false;true;18;Quai de la Rapée;Paris-12E-Arrondissement;75012;FR;48.8404637;2.3748954999999796;;;;
275;Crelan SA;;Financial;;false;true;251;Boulevard Sylvain Dupuis;Anderlecht;1070;BE;50.8387591;4.290268400000059;;;;
276;Caisse d'Epargne et de Prevoyance Aquitaine Poitou-Charentes;969500A9SZ8YP1810S21;Financial;60;false;true;;;;;;;;;;;
277;Credit Cooperatif Scoop de Banque Populaire;W2RVX391BFSQJQAGEM62;Financial;;false;true;12 Blvd Pesaro;CS 10002;Nanterre;92024;FR;;;;;;
278;Caisse Centrale Du Credit Mutuel;969500CXBDY2KMHP0J53;Financial;;false;true;;;;;;;;;;;
279;Natixis SA;KX1WK48MPD4Y2NCUIZ63;Financial;73;false;true;30;Avenue Pierre Mendès-France;Paris;75013;FR;48.8385928;2.370734500000026;;;;
280;Credit du Nord SA;54930076YK05WVH25M52;Financial;10;false;true;59;Boulevard Haussmann;Paris;75008;FR;48.8736573;2.3258800999999494;;;;
281;Caisse d'Epargne et de Prevoyance Loire-Centre;969500XVHN9Z1Z1Y1358;Financial;60;false;true;;;;;;;;;;;
282;Caisse d'Epargne et de Prevoyance de Midi Pyrenees;969500L38QMPKJ554U34;Financial;60;false;true;42;Rue du Languedoc;Toulouse;31000;FR;43.5982512;1.4458521000000246;;;;
283;Caisse d'Epargne et de Prevoyance Normandie;9695007N7RATI6VK7E92;Financial;60;false;true;151;Rue d'Uelzen;Bois-Guillaume;76230;FR;49.4740364;1.105804400000011;;;;
284;Caisse d'Epargne et de Prevoyance Nord France Europe;96950058A491QVZ95453;Financial;60;false;true;;;;;;;;;;;
285;Caisse Epargne Prevoya Prove Alpes Corse;969500TU5ZMYBIWP0R51;;;false;true;;;;;;;;;;;
286;Caisse d'Epargne et de Prevoyance de Lorraine Champagne-Ardenne;969500JJWO4PQG0R1C58;Financial;60;false;true;;;;;;;;;;;
287;Ceska Sporitelna AS;9KOGW2C2FCIOJQ7FF485;Financial;75;false;true;1929/62;Olbrachtova;;140 00;CZ;50.0442268;14.447752100000002;;;;
288;Citibank Espana SA;;Financial;78;false;true;19;Avenida de Europa;Alcobendas;28108;ES;40.5148526;-3.6562731000000213;;;;
289;Credit Lyonnais SA;;Financial;4;false;true;18;Rue de la République;Lyon;69002;FR;45.7639269;4.8356943;;;;
290;Caisse Federale du Credit Mutuel Ocean;;Financial;6;false;true;34 Rue Leandre Merlet;BP 17;La Roche Sur Yon;85001;FR;;;;;;
291;Caisse Regionale de Credit Agricole Mutuel Provence Cote D'Azur;969500CP6UARAMYIGY51;Financial;4;false;true;;Avenue Paul Arène;Draguignan;83300;FR;43.5296789;6.47779730000002;;;;
292;Caisse Regionale de Credit Agricole Mutuel Nord Midi-Pyrenees;969500KWT26BST7DUO80;Financial;4;false;true;;;;;;;;;;;
293;Caisse des Depots et Consignations;969500Q2PFTTP0Y5QL44;Government;51;false;true;56;Rue de Lille;Paris;75007;FR;48.8590881;2.328057299999955;;;;
294;Caisse Epargne Prevoyance Auvergne Limousin;;Financial;;false;true;;;;;;;;;;;
295;Caisse Reg Credit Agric Mut Ctre France;969500AGACQ54Q3UF243;;;false;true;;;;;;;;;;;
296;Caisse Reg Credit Agricole Mut Ctre-Est;969500WJ4V0WNG8Q5L42;;;false;true;;;;;;;;;;;
297;Caisse Federale du Credit Mutuel Nord Europe SAC;969500MOQLCWGNJR5B72;Financial;6;false;true;4;Place Richebé;Lille;59800;FR;50.6323434;3.0617548999999826;;;;
298;GFI Securities Ltd;GUNTJCA81C7IHNBGI392;Financial;79;false;true;1;Snowden Street;;EC2A 2DS;GB;51.5216508;-0.0822130000000243;;;;
299;Goldman Sachs International;W22LROWP2IHZNBB6K528;Financial;82;false;true;133;Fleet Street;;EC4A 2BH;GB;51.5143523;-0.10646550000001298;;;;
300;Helaba Invest KAG-HI-Nsnpt-Fonds;529900JIYI8AAJCV9010;;;false;true;;;;;;;;;;;
301;Citibank Europe PLC;N1FBEDJ5J41VKZLO2475;Financial;77;false;true;1;North Wall Quay;Dublin 1;DUBLIN 1;IE;53.3482201;-6.245218900000054;;;;
302;Kepler Cheuvreux SA;9695005EOZG9X8IRJD84;Financial;;false;true;112;Avenue Kléber;Paris;75116;FR;48.8641486;2.287719700000025;;;;
303;Kyte Broking Ltd;1ZU7M6R6N6PXYJ6V0C83;Financial;83;false;true;52;Upper Street;;N1 0QH;GB;51.5357196;-0.10589690000006158;;;;
304;Lehman Brothers Holdings Inc;;Financial;;false;true;1271;6th Avenue;New York;10020;US;40.760382;-73.98076659999998;;;;
305;Lloyds Bank PLC;H7FNTJ4851HG0EXQ1Z70;Financial;84;false;true;25;Gresham Street;;EC2V 7HN;GB;51.5163652;-0.0954977000000099;;;;
306;Credit Mutuel Arkea SA;96950041VJ1QP0B69503;Financial;85;false;true;1;Allée Louis Lichou;Le Relecq-Kerhuon;29480;FR;48.4046866;-4.41876579999996;;;;
307;Merrill Lynch & Co Inc;DWW559HN8WVTCCS4VJ94;Financial;13;false;true;230;Vesey Street;New York;10281;US;40.7131304;-74.0154149;;;;
308;Merrill Lynch International Bank Ltd;EQYXK86SF381Q21S3020;Financial;21;false;true;2;King Edward Street;;EC1A 1HQ;GB;51.5164002;-0.1017076000000543;;;;
309;National Bank of Abu Dhabi PJSC;2138002Y3WMK6RZS8H90;Financial;87;false;true;;;Abu Dhabi;;AE;24.453884;54.37734380000006;;;;
310;Northern Trust Corp;549300GLF98S992BC502;Financial;;false;true;50;South LaSalle Street;Chicago;60603;US;41.88101940000001;-87.63289480000003;;;;
311;Morgan Stanley & Co LLC;9R7GPTSO7KV3UQJZQ078;Financial;90;false;true;;;New York;10036;US;40.760386;-73.98567800000001;;;;
312;Tradition North America Inc;549300QZ8YZKE99OF236;Financial;94;false;true;255;Greenwich Street;New York;10007;US;40.7143303;-74.01115479999999;;;;
313;Tullett Prebon Americas Corp;;Financial;95;false;true;101;Hudson Street;Jersey City;07302;US;40.7160656;-74.03506140000002;;;;
314;Cie Industrie Finance Ingenieri Ingeni;969500C1KK5OLNWK1S69;Technology;;false;true;;;;;;;;;;;
315;RBC Capital Markets LLC;549300LCO2FLSSVFFR64;Financial;97;false;true;230;Vesey Street;New York;10281;US;40.7131304;-74.0154149;;;;
316;Royal Bank of Scotland PLC/The;RR3QWICWWIPCS8A4S074;Financial;32;false;true;;;;EH12 1HQ;GB;55.9433107;-3.2326691000000665;;;;
317;Caisse Regionale de Credit Agricole Alsace Vosges SC;969500VCC5OCQHSHU906;Financial;4;false;true;1 Place de la Gare;BP 20440;Strasbourg;67008;FR;;;;;;
318;Credit Agricole Mutuel Champagne-Bourgog;9695005FT3RGI6WWJ534;;;false;true;;;;;;;;;;;
319;Caisse Regionale de Credit Agricole Mutuel du Finistere;96950008DNO3H80I0682;Financial;2;false;true;;;;;FR;46.227638;2.213749000000007;;;;
320;Caisse Regionale de Credit Agricole Mutuel de Normandie SC;SQEISV1ELQFV4EDRBN58;Financial;4;false;true;15;Esplanade Brillaud de Laujardière;Caen;14000;FR;49.199282;-0.37859149999997044;;;;
321;Caisse Regionale de Credit Agricole Mutuel de la Reunion SC;969500SRQKP7167VWF70;Financial;4;false;true;;;Saint-Denis;97462;FR;48.936181;2.3574429999999893;;;;
322;Banco de Sabadell SA;;Financial;;false;true;20;Plaça de Sant Roc;Sabadell;08201;ES;41.5459562;2.1082751000000144;;;;
323;Santander UK PLC;;Financial;63;false;true;2;Triton Square;;NW1 3HF;GB;51.5253925;-0.1412852999999359;;;;
324;Credit Suisse Capital LLC;;Financial;24;false;true;11;Madison Avenue;New York;10010;US;40.7415114;-73.98696769999998;;;;
325;Credit Suisse Securities USA LLC;1V8Y6QCX6YMJ2OELII46;Financial;101;false;true;11;Madison Avenue;New York;10010;US;40.7415114;-73.98696769999998;;;;
326;SG Euro CT;969500QBOZSKJFK94Z13;;10;false;true;;;;;;;;;;;
327;Ceskoslovenska Obchodna Banka AS/Czech;Q5BP2UEQ48R75BOTCB92;;;false;true;;;;;;;;;;;
328;Standard Bank PLC;F01VVKN4DRF2NWKGQ283;Financial;103;false;true;20;Gresham Street;;EC2V;GB;51.5148975;-0.09402899999997771;;;;
329;State Street Bank Europe Ltd;I1NPP4LGGOKPRU3MI467;Financial;104;false;true;20;Churchill Place;;E14 5EU;GB;51.5037558;-0.014017500000022665;;;;
330;Sunrise Brokers LLP;549300HFHGOLW672FG74;Financial;;false;true;4;Triton Square;;NW1 3HG;GB;51.5254385;-0.1408237000000554;;;;
331;Tradition Securities & Futures SA/France;969500ULC0Y1IG0A4O72;Financial;;false;true;253;Boulevard Pereire;Paris;75017;FR;48.8785481;2.286666999999966;;;;
332;Bank Austria Creditanstalt Czech;;Financial;107;false;true;;;;;;;;;;;
333;VTB Capital PLC;74OG4PIVJ3TT4O5NSN12;Financial;110;false;true;14;Cornhill;;EC3V;GB;51.5131345;-0.087806799999953;;;;
334;Wells Fargo & Co;PBLD0EJDB5FWOLXP3B76;Financial;;false;true;420;Montgomery Street;San Francisco;94104;US;37.79337659999999;-122.40262000000001;;;;
335;Wood & Co Financial Services AS;549300UYJKOXE3HB8L79;Financial;;false;true;1a;Náměstí Republiky;;110 00;CZ;50.0890049;14.4291743;;;;
336;Daiwa Capital Markets America Inc;M67H5PRC0NQKM73ZAS82;Financial;113;false;true;Financial Square;32 Old Slip;New York;10005-3538;US;;;;;;
337;Daiwa Capital Markets Europe Ltd;MIM2K09LFYD4IB163W58;Financial;112;false;true;5;King William Street;;EC4N 7DA;GB;51.5120567;-0.08809740000003785;;;;
338;Daiwa Securities Co Ltd;549300D405BPQ5DDVJ61;Financial;111;false;true;;;千代田区;100-6790;JP;35.681475;139.76917200000003;;;;
339;Deutsche Bank Securities Inc;9J6MBOOO7BECTDTUZW19;Financial;115;false;true;60;Wall Street;New York;10005;US;40.70616769999999;-74.00831949999997;;;;
340;DekaBank Deutsche Girozentrale;;Financial;;false;true;16;Mainzer Landstraße;Frankfurt am Main;60325;DE;50.1124174;8.666874099999973;;;;
341;Deutsche Postbank AG;QPA2KT0GZRLD6DKRHZ40;Financial;114;false;true;114;Friedrich-Ebert-Allee;Bonn;53113;DE;50.70927;7.127439999999979;;;;
342;Dexia CLF Banque SA/Paris;969500W9GI9UTJ74XA71;Financial;119;false;true;62;Rue de la Chaussée d'Antin;Paris;75009;FR;48.8750718;2.3324821999999585;;;;
343;Powszechna Kasa Oszczednosci Bank Polski SA;P4GTT6GF1W40CVIMFR43;Financial;;false;true;15;Puławska;Warszawa;;PL;52.2105339;21.021636899999976;;;;
344;Banque EDEL SNC;96950070V8OK5HMTM949;Financial;;false;true;5;Avenue Marcel Dassault;Toulouse;31500;FR;43.5746015;1.493273600000066;;;;
345;Erste Securities Polska SA;259400O67Y8R0XUKE191;Financial;49;false;true;25;Aleja Jana Pawła II;Warszawa;00-854;PL;52.2370938;20.996092399999952;;;;
346;Sogecap SA;9695009HXSFK8D6V0T62;Financial;10;false;true;50;Avenue du Général de Gaulle;Puteaux;92800;FR;48.888603;2.234460600000034;;;;
347;Flow Traders BV;;Financial;;false;true;9;Jacob Bontiusplaats;Amsterdam;1018 LL;NL;52.3713568;4.92783129999998;;;;
348;France Titrisation SAS;969500NQ6OKHXKQNT714;;;false;true;;;;;;;;;;;
349;Goldman Sachs Japan Co Ltd;5NGPZ37H6T4XS5MO5N09;Financial;121;false;true;;;Minato;106-6108;JP;35.6604638;139.72924869999997;;;;
350;Gutmann AG;39120001S0YSBWIACR51;Basic Materials;122;false;true;57;Nürnberger Straße;Weißenburg in Bayern;91781;DE;49.04061189999999;10.969879100000071;;;;
351;Alpha Bank AE;5299009N55YRQC69CN08;Financial;123;false;true;40;Stadiou;Athina;105 64;GR;37.98071400000001;23.731134099999963;;;;
352;Australia & New Zealand Banking Group Ltd;JHE42UYNWWTJB8YTTU19;Financial;;false;true;833;Collins Street;Melbourne;3000;AU;-37.8218908;144.94538549999993;;;;
353;Bank of China Hong Kong Ltd;KNPC1X7GHDZW8U2ZSF89;Financial;130;false;true;1;Garden Road;;;HK;22.2793043;114.16149310000003;;;;
354;Citigroup Global Markets Ltd/Hong Kong;;Financial;37;false;true;;;;;;;;;;;
355;DBS Bank Ltd;ATUEL7OJR5057F2PV266;Financial;131;false;true;6;Shenton Way;Singapore;068809;SG;1.2778231;103.8489535;;;;
356;CIMB Bank Bhd;SR3J0ZUTXT7OTFT2VU03;Financial;133;false;true;;Jalan Semantan;Kuala Lumpur;50490;MY;3.1514174;101.669847;;;;
357;Citibank Hong Kong Ltd;8KA1PQPA9THGG1BNCT31;Financial;135;false;true;979;King's Road;;;HK;22.2865353;114.21234230000005;;;;
358;KGI Securities Co Ltd;549300WMLEZE5UTKVI49;Financial;136;false;true;700;Mingshui Road;;10491;TW;25.0850159;121.5515603;;;;
359;Korea Investment & Securities Co Ltd;549300R8VJDW3X6CD250;Financial;137;false;true;;;;150-010;KR;37.522067;126.92225400000007;;;;
360;Mitsubishi UFJ Securities International PLC;U7M81AY481YLIOR75625;Financial;138;false;true;25;Ropemaker Street;;EC2Y 9AJ;GB;51.520201;-0.08936100000005354;;;;
361;Merrill Lynch Asia Pacific Ltd;549300CG9VGFKS0B2H29;Financial;13;false;true;3;Garden Road;;;HK;22.2782624;114.15982780000002;;;;
362;Morgan Stanley Asia Ltd;;;143;false;true;;;;;HK;22.303484;114.16031799999996;;;;
363;Nomura Singapore Ltd;5493002W629SO69TA530;Financial;144;false;true;;;;018983;SG;1.2806053;103.85415139999998;;;;
364;Oversea-Chinese Banking Corp Ltd;5493007O3QFXCPOGWK22;Financial;;false;true;;;;049513;SG;1.2852068;103.84917859999996;;;;
365;Standard Chartered Bank Hong Kong Ltd;X5AV1MBDXGRPX5UGMX13;Financial;145;false;true;4-4A;Des Voeux Road Central;;;HK;22.2803829;114.15907700000002;;;;
366;United Overseas Bank Ltd;IO66REGK3RCBAMA8HR66;Financial;;false;true;80;Raffles Place;Singapore;048624;SG;1.285363;103.85122439999998;;;;
367;National Bank of Greece SA;5UMCZOEYKCVFAW8ZLO05;Financial;123;false;true;86;Aiolou;Athina;105 59;GR;37.9815422;23.728881300000012;;;;
368;Piraeus Bank SA;M6AD1Y1KW32H8THQ6F76;Financial;123;false;true;4;Amerikis;Athina;105 64;GR;37.9778837;23.734631400000012;;;;
369;HSBC Securities Japan Ltd;549300KDWKMK339W8C61;Financial;11;false;true;;;Chuo;103-0027;JP;35.6791107;139.77359990000002;;;;
370;HSBC Securities USA Inc;;Financial;148;false;true;452;5th Avenue;New York;10018;US;40.7521123;-73.98230639999997;;;;
371;Mizuho International PLC;213800HZ54TG54H2KV03;Financial;151;false;true;10;Cannon Street;;EC4M 9JA;GB;51.5127374;-0.09624089999999796;;;;
372;BNP Paribas UK Ltd;CGKPTUL0E6IIWC1NOM75;Financial;9;false;true;10;Harewood Avenue;;NW1 6AA;GB;51.5230251;-0.1639049000000341;;;;
373;Bank of America Merrill Lynch International Ltd;EYKN6V0ZCB8VD9IULB80;Financial;13;false;true;5;Canada Square;;E14 5AQ;GB;51.50529;-0.018710999999939304;;;;
374;ICE Clear Europe Ltd;5R6J7JCQRIPQR1EEP713;Financial;152;false;true;Milton Gate;60 Chiswell Street;London;E1W 1UY;GB;;;;;;
375;ICE Clear US Inc;549300HWWR1D8OTS2G29;Consumer, Non-cyclical;152;false;true;;;;;;;;;;;
376;Credit Agricole du Morbihan;9695008F57RGP8WJVD09;Financial;2;false;true;;Avenue de Keranguen;Vannes;56000;FR;47.6577584;-2.7927577000000383;;;;
377;Caisse Regionale de Credit Agricole Mutuel Nord de France;;Financial;2;false;true;10;Avenue Foch;Lille;59800;FR;50.6358033;3.0577643000000307;;;;
378;Intermonte SIM SpA;YMUU1WGHJKORF9E36I98;Financial;153;false;true;9;Corso Vittorio Emanuele II;Milano;20122;IT;45.4651613;9.194561700000008;;;;
379;Ipopema Securities SA;259400QHG4C6452WLF35;Financial;;false;true;11;Waliców;Warszawa;00-851;PL;52.2341285;20.992823000000044;;;;
380;Caisse Regionale de Credit Agricole Mutuel Pyrenees Gascogne;969500M0I766TJINXO92;Financial;4;false;true;11 Blvd du President Kennedy;BP 329;Tarbes;65003;FR;;;;;;
381;Citigroup Global Markets Inc;MBNUM2BPBDO7JBLYG310;Financial;39;false;true;390;Greenwich Street;New York;10013;US;40.7210307;-74.01099629999999;;;;
382;Credit Agricole Toulouse 31;969500VME9AAR39CTQ60;Financial;2;false;true;6, Place Jeanne d'Arc;BP 40535;Toulouse;31005;FR;;;;;;
383;Caisse Regionale de Credit Agricole Mutuel du Nord Est;969500LLFVCIVUFVMK94;Financial;4;false;true;25;Rue Libergier;Reims;51100;FR;49.2521545;4.030365999999958;;;;
384;Caisse Regionale de Credit Agricole Mutuel Val de France;9695000P6V7QBJL4NW96;Financial;4;false;true;;;;;;;;;;;
385;JPMorgan Securities Japan Co Ltd;;Financial;158;false;true;;;Chiyoda;100-0005;JP;35.6785454;139.76494630000002;;;;
386;Jefferies International Ltd;S5THZMDUJCTQZBTRVI98;Financial;159;false;true;68;Upper Thames Street;;EC4V 3BJ;GB;51.5103963;-0.09390810000002148;;;;
387;BNP Paribas Securities Japan Ltd;549300W1PKAHKJ86TC84;Financial;9;false;true;;;千代田区;100-6790;JP;35.681475;139.76917200000003;;;;
388;Deutsche Securities Inc;529900CK34A0NLD3NN83;Financial;160;false;true;;;Chiyoda;100-0014;JP;35.6731652;139.7407961;;;;
389;Louis Capital Markets UK LLP;213800KL2QZT2GQMQQ34;Financial;;false;true;130;Wood Street;;EC2V 7JB;GB;51.514529;-0.09463299999993069;;;;
390;JP Morgan Securities Asia Pacific Ltd;871JPXVZ0Z8I863B6V34;Financial;161;false;true;8;Connaught Road Central;;;HK;22.2821264;114.15846950000002;;;;
391;JP Morgan Securities PLC;K6Q0W1PS1L1O4IQL9C32;Financial;164;false;true;25;Bank Street;;E14 5JP;GB;51.5030157;-0.020706399999994574;;;;
392;State Street Bank & Trust Co;;Financial;104;false;true;1;Lincoln Street;Boston;02111;US;42.352773;-71.05860899999999;;;;
393;Jyske Bank A/S;3M5E1GQGKL17HI6CPN30;Financial;;false;true;16;Christian 8.s Vej;Silkeborg;8600;DK;56.16709419999999;9.551994100000002;;;;
394;National Bank Financial Inc;549300D83GR71RNG0O65;Financial;170;false;true;1155;Rue Metcalfe;Montréal;H3B;CA;45.5001808;-73.57014219999996;;;;
395;LCH.Clearnet Ltd;F226TOH6YD6XJB17KS62;Financial;172;false;true;33;Aldgate High Street;;EC3N 1DL;GB;51.5141979;-0.07489429999998265;;;;
396;Lombard Odier & Cie France;9695000T258I2H5Y6J45;;;false;true;;;;;;;;;;;
397;MarketAxess Corp;GPSMMRI21JE7ZCVYF972;Financial;173;false;true;299;Park Avenue;New York;10171;US;40.75604010000001;-73.9741692;;;;
398;mBank;259400DZXF7UJKK2AY35;Financial;175;false;true;18;Senatorska;Warszawa;;PL;52.2442185;21.00856870000007;;;;
399;Merrill Lynch Japan Securities Co Ltd;I7E80LI4NVVT41W1WB02;Financial;15;false;true;Nihonbashi chome Mitsui Buildi;Nihonbashi Chuo-ku Yubinbango;Tokyo;;JP;;;;;;
400;Merrill Lynch Pierce Fenner & Smith Inc;;Financial;14;false;true;1;Bryant Park;New York;10036;US;40.7554221;-73.98443170000002;;;;
401;Modra pyramida stavebni sporitelna as;5493001S0OG5A972P206;Financial;176;false;true;2;Bělehradská;;140 00;CZ;50.0683215;14.435652000000005;;;;
402;Morgan Stanley & Co International PLC;4PQUHN3JPFGFNF3BB653;Financial;181;false;true;25;Cabot Square;;E14 4QA;GB;51.5050081;-0.02390289999993911;;;;
403;Morgan Stanley Capital Services LLC;I7331LVCZKQKX5T7XV54;Financial;90;false;true;;;New York;10036;US;40.760386;-73.98567800000001;;;;
404;Morgan Stanley International Finance SA;RU7BPE50TQMXLSXZLB60;Financial;182;false;true;;;;;;;;;;;
405;Morgan Stanley Securities Ltd;VLR6T6E60GH5GUS0XX16;Financial;180;false;true;25;Cabot Square;;E14 4QA;GB;51.5050081;-0.02390289999993911;;;;
406;National Australia Bank Ltd;F8SB4JFBSYQFRQEH3Z21;Financial;;false;true;;;Docklands;3008;AU;-37.819094;144.950604;;;;
407;SMBC Nikko Bank Luxembourg SA;NENLL5EWGF6RJIPK9Q81;Financial;183;false;true;9A, Rue Robert St3) 61/64mper;;L-2010 Luxembourg;;LU;;;;;;
408;Nomura Securities Co Ltd;;Financial;35;false;true;Urbannet Otemachi Building;2-2-2 Otemachi, Chiyoda-ku;Chiyoda-Ku;;JP;;;;;;
409;Nordea Bank AB;6SCPQ280AIY8EP3XFW53;Financial;;false;true;17;Smålandsgatan;;111 46;SE;59.3335202;18.070744900000022;;;;
410;Oddo et Cie SCA;9695002I9DJHZ3449O66;Financial;;false;true;;;;;;;;;;;
411;CIBC World Markets PLC;BVRCO19C4GKNSAXXHE82;Financial;184;false;true;;Cottons Lane;;SE1 2QG;GB;51.5059312;-0.0848810999999614;;;;
412;Okasan Securities Co Ltd;549300LXI6NWKUI5QE87;Financial;185;false;true;;;Chūō-ku;103-0027;JP;35.6825992;139.77702739999995;;;;
413;JP Morgan Securities Australia Ltd;549300Z0AVQF0QSFQV15;Financial;189;false;true;225;George Street;The Rocks;2000;AU;-33.862729;151.20706599999994;;;;
414;Bank Pekao SA;5493000LKS7B3UTF7H35;Financial;56;false;true;53/57;Grzybowska;Warszawa;;PL;52.23401089999999;20.988461899999947;;;;
415;DB Securities SA;;Consumer, Non-cyclical;190;false;true;26;aleja Armii Ludowej;Warszawa;01-001;PL;52.2177666;21.00829650000003;;;;
416;UniCredit Caib Poland SA;2594007U1UD2WFTX3635;Financial;105;false;true;18;Wołoska;Warszawa;02-675;PL;52.1821581;21.003099799999973;;;;
417;Raiffeisen Bank Polska SA;259400B9NW8RT98P1F72;Financial;195;false;true;20;Piękna;Warszawa;;PL;52.223864;21.01920199999995;;;;
418;Raiffeisen Bank SA;549300RFKNCOX56F8591;Financial;195;false;true;44;Bulevardul Mircea Vodă;București;030669;RO;44.4191319;26.112636199999997;;;;
419;Citigroup Global Markets Japan Inc;PKVU22HMQQ0KHUAQDH05;Financial;196;false;true;;;Chiyoda;100-6590;JP;35.6825698;139.76430300000004;;;;
420;BNY Mellon NA;4EP6JBYBTPTQ47LZOB67;Financial;59;false;true;500;Grant Street;Pittsburgh;15219;US;40.4396569;-79.99580040000001;;;;
421;Citibank Bhd;QINWV8RCPXRMH5IWUL13;Financial;78;false;true;165;Jalan Ampang;Kuala Lumpur;50450;MY;3.1600727;101.71745639999995;;;;
422;China Construction Bank Corp;;Financial;126;false;true;;;;;CN;39.8783327;116.3281495;;;;
423;Citibank Singapore Ltd;VGB4JDQHF6JTNV02DJ20;Financial;135;false;true;;Robinson Road;Singapore;;SG;1.2795862;103.84932260000005;;;;
424;Citigroup Global Markets Australia Pty Ltd;D5FWQUJWZY07LV3DO749;Financial;197;false;true;;;Sydney;2000;AU;-33.872694;151.20755600000007;;;;
425;Citibank International Ltd;31OGKFG0Y1795OV0AK56;Financial;198;false;true;;Canada Square;;E14;GB;51.5044402;-0.01797399999998106;;;;
426;Citigroup Global Markets Korea Securities Ltd;DYDGRK7GSRNXQ5UFWV53;Financial;39;false;true;18F Hungkuk Life Ins Bld;226 Shinmoon-Ro 1-Ga Jongro-Ku;Seoul;110-786;KR;;;;;;
427;Credit Suisse Singapore Ltd;549300WJEPV9WK5FYX61;Financial;24;false;true;;;;;;;;;;;
428;Toronto Dominion South East Asia Ltd;5493007JKBFR7XIL4S98;Financial;199;false;true;;;;;;;;;;;
429;Morgan Stanley UK Ltd;;Financial;180;false;true;25;Cabot Square;;E14 4QA;GB;51.5050081;-0.02390289999993911;;;;
430;Newedge UK Financial Ltd;0IKLU6X1B10WK7X42C15;;200;false;true;10;Bishops Square;;E1 6EG;GB;51.5197031;-0.07748560000004545;;;;
431;Standard Chartered Bank Malaysia Bhd;549300JTJBG2QBI8KD48;Financial;145;false;true;;;Kuala Lumpur;50250;MY;3.1552915;101.70617179999999;;;;
432;UBS Securities International Ltd;EP50CUEHE876XUVAWT56;Consumer, Non-cyclical;29;false;true;1-2;Finsbury Avenue;;EC2M 2PP;GB;51.5194184;-0.08522889999994732;;;;
433;UBS Securities Pte Ltd/Singapore;549300OODOO0QOU3BT85;;29;false;true;;;;038985;SG;1.294551;103.8582523;;;;
434;Westpac New Zealand Ltd;549300MW73M5PK1PNG73;Financial;203;false;true;16;Takutai Square;Auckland;1010;NZ;-36.8448704;174.76972239999998;;;;
435;Seche Environnement SA;;Industrial;;false;true;BP 20;Les Hetres;Change;53810;FR;;;;;;
436;Svenska Handelsbanken AB;NHBDILHZTYCNBV5UYZ31;Financial;;false;true;2;Kungsträdgårdsgatan;;111 47;SE;59.33015409999999;18.073334499999987;;;;
437;BGC Shoken Kaisha Ltd;5493006BVSGHPKOR5U26;;46;false;true;Akasaka Biz Tower 38F;5-3-1 Akasaka Minato-ku;Tokyo;107-6338;JP;;;;;;
438;Skandinaviska Enskilda Banken AB;F3JS33DEI6XQ4ZBPTN86;Financial;;false;true;8;Kungsträdgårdsgatan;;111 47;SE;59.33130729999999;18.073527199999944;;;;
439;Sonepar SA;969500VEVOWR22R2YR86;;;false;true;47;Avenue de la Grande-Armée;Paris;75116;FR;48.875446;2.2887080000000424;;;;
440;Stifel Nicolaus & Co Inc;5WUVMA08EYG4KEUPW589;Financial;204;false;true;501;North Broadway;St. Louis;63102;US;38.6296755;-90.18886880000002;;;;
441;Tikehau Investment Management SAS;9695008ZSNJ7URJK4A27;Financial;;false;true;32;Rue de Monceau;Paris;75008;FR;48.8768868;2.309120300000018;;;;
442;Bloomberg Inc;549300RMUDWPHCUQNE66;Consumer, Non-cyclical;;false;true;;;;;US;37.09024;-95.71289100000001;;;;
443;Tullett Prebon Europe Ltd;549300MU2MYJLOY6IJ51;Financial;95;false;true;;;;EC2N 1HN;GB;51.5147002;-0.08596599999998489;;;;
444;UniCredit Tiriac Bank SA;5493003BDYD5VPGUQS04;Financial;105;false;true;1F;Bulevardul Expoziției;București;012101;RO;44.474352;26.067914599999995;;;;
445;WGZ-Bank AG Westdeutsche Genossenschafts-Zentralbank;EFHQAFG69S4HKHLIZA14;Financial;205;false;true;20;Ludwig-Erhard-Allee;Düsseldorf;40227;DE;51.2191609;6.797649099999944;;;;
